-- phpMyAdmin SQL Dump
-- version 4.3.12
-- http://www.phpmyadmin.net
--
-- Servidor: 127.0.0.1
-- Tiempo de generación: 01-12-2015 a las 19:00:22
-- Versión del servidor: 5.6.17
-- Versión de PHP: 5.5.29

SET SQL_MODE = "NO_AUTO_VALUE_ON_ZERO";
SET time_zone = "+00:00";


/*!40101 SET @OLD_CHARACTER_SET_CLIENT=@@CHARACTER_SET_CLIENT */;
/*!40101 SET @OLD_CHARACTER_SET_RESULTS=@@CHARACTER_SET_RESULTS */;
/*!40101 SET @OLD_COLLATION_CONNECTION=@@COLLATION_CONNECTION */;
/*!40101 SET NAMES utf8 */;

--
-- Base de datos: `cotizador`
--

-- --------------------------------------------------------

--
-- Estructura de tabla para la tabla `cliente`
--

CREATE TABLE IF NOT EXISTS `cliente` (
  `idCliente` int(10) unsigned NOT NULL,
  `nombre` varchar(150) DEFAULT NULL,
  `rfc` varchar(45) DEFAULT NULL,
  `email` varchar(250) DEFAULT NULL,
  `direccion` text,
  `rut` varchar(45) DEFAULT NULL,
  `razonsocial` text,
  `localidad` varchar(45) DEFAULT NULL,
  `tel` varchar(20) DEFAULT NULL,
  `cel` varchar(20) DEFAULT NULL,
  `observaciones` text
) ENGINE=InnoDB AUTO_INCREMENT=16 DEFAULT CHARSET=utf8;

--
-- Volcado de datos para la tabla `cliente`
--

INSERT INTO `cliente` (`idCliente`, `nombre`, `rfc`, `email`, `direccion`, `rut`, `razonsocial`, `localidad`, `tel`, `cel`, `observaciones`) VALUES
(2, 'default', '', '', '', NULL, NULL, NULL, NULL, NULL, NULL),
(3, 'Hugo Santiago', '', 'hugooluisss@gmail.com', 'Hola', 'sdfg', 'sdfg 234', '', '12345678', '', ''),
(4, 'juanito', '', 'juanito@hotmail.com', '', NULL, NULL, NULL, NULL, NULL, NULL),
(5, 'Diego', '', 'info@ideactiva.com.uy', '', NULL, NULL, NULL, NULL, NULL, NULL),
(6, 'Claudia Castro', '', 'ccastro.brunnen@gmail.com', '', NULL, NULL, NULL, NULL, NULL, NULL),
(8, 'Jimena Torrano', '', 'jimena.torrano@gmail.com', '', NULL, NULL, NULL, NULL, NULL, NULL),
(9, 'Arnaldo', '', 'arnaldomarquez00@gmail.com', '', NULL, NULL, NULL, NULL, NULL, NULL),
(10, 'Estefania Leiva Ibarra', '', 'fefa1308@gmail.com', '', NULL, NULL, NULL, NULL, NULL, NULL),
(11, 'Diego', '', 'dm.barcelo@gmail.com', '', NULL, NULL, NULL, NULL, NULL, NULL),
(12, 'Marcia', '', 'marcia3089@hotmail.com', '', NULL, NULL, NULL, NULL, NULL, NULL),
(13, 'Ximena lopez', '', 'xinlo@hotmail.es', '', NULL, NULL, NULL, NULL, NULL, NULL),
(14, 'Fernanda Bouza', '', 'ferbouza@hotmail.com', '', NULL, NULL, NULL, NULL, NULL, NULL),
(15, 'Javier Mingroni', '', 'mingroni@ilo.org', '', NULL, NULL, NULL, NULL, NULL, NULL);

-- --------------------------------------------------------

--
-- Estructura de tabla para la tabla `cotizacion`
--

CREATE TABLE IF NOT EXISTS `cotizacion` (
  `idCotizacion` bigint(20) unsigned NOT NULL,
  `registro` timestamp NOT NULL DEFAULT CURRENT_TIMESTAMP ON UPDATE CURRENT_TIMESTAMP,
  `idCliente` int(10) unsigned DEFAULT NULL,
  `adicional` decimal(10,2) DEFAULT '0.00',
  `subtotal` decimal(10,2) DEFAULT '0.00',
  `total` decimal(10,2) DEFAULT '0.00',
  `fecha` date DEFAULT NULL,
  `comentarios` text,
  `unidades` int(11) DEFAULT '0'
) ENGINE=InnoDB AUTO_INCREMENT=25 DEFAULT CHARSET=utf8;

--
-- Volcado de datos para la tabla `cotizacion`
--

INSERT INTO `cotizacion` (`idCotizacion`, `registro`, `idCliente`, `adicional`, `subtotal`, `total`, `fecha`, `comentarios`, `unidades`) VALUES
(11, '2015-11-01 17:09:51', 3, '0.00', '694.00', '694.00', NULL, NULL, 0),
(12, '2015-11-01 17:11:28', 2, '40.00', '49.04', '68.66', NULL, NULL, 0),
(13, '2015-11-01 17:25:11', 2, '0.00', '392.00', '392.00', NULL, NULL, 0),
(14, '2015-11-01 19:04:37', 4, '0.00', '670.00', '670.00', NULL, NULL, 0),
(15, '2015-12-01 18:09:45', 3, '0.00', '30.00', '30.00', '2015-12-01', '', 2),
(16, '2015-11-03 17:38:50', 5, '0.00', '5150.00', '5150.00', NULL, NULL, 0),
(17, '2015-12-01 18:11:22', 6, '0.00', '710.00', '710.00', '2015-12-01', '', 2),
(18, '2015-11-18 12:38:32', 5, '20.00', '452.00', '542.40', NULL, NULL, 0),
(19, '2015-11-23 13:35:47', 8, '0.00', '4164.00', '4164.00', NULL, NULL, 0),
(20, '2015-11-23 14:29:25', 14, '0.00', '3276.00', '3276.00', NULL, NULL, 0),
(21, '2015-11-23 16:33:53', 5, '0.00', '6367.50', '6367.50', NULL, NULL, 0),
(22, '2015-11-27 13:20:55', 15, '0.00', '9060.00', '9060.00', NULL, NULL, 0),
(23, '2015-11-30 13:54:31', 5, '0.00', '3663.00', '3663.00', '2015-11-30', 'Hola Diego , en el precio incluye lo hablado.\nSaludos', 0),
(24, '2015-11-30 18:00:02', 5, '10.00', '1215.00', '1336.50', '2015-11-30', '', 0);

-- --------------------------------------------------------

--
-- Estructura de tabla para la tabla `estampado`
--

CREATE TABLE IF NOT EXISTS `estampado` (
  `idItem` bigint(20) unsigned NOT NULL,
  `descripcion` text,
  `precio` decimal(10,2) DEFAULT '0.00'
) ENGINE=InnoDB DEFAULT CHARSET=utf8;

--
-- Volcado de datos para la tabla `estampado`
--

INSERT INTO `estampado` (`idItem`, `descripcion`, `precio`) VALUES
(41, 'Números en termotransferible x cifra', '75.00'),
(42, 'Impresión Termotransferible', '65.00'),
(50, 'Termotransferible', '200.00'),
(51, 'Termotransferible', '150.00'),
(1519, 'Números en termotransferible', '45.00'),
(1520, 'Impresión Termotransferible', '35.00'),
(1521, 'Impresión Termotransferible', '100.00'),
(1522, 'Números en termotransferible', '100.00');

-- --------------------------------------------------------

--
-- Estructura de tabla para la tabla `item`
--

CREATE TABLE IF NOT EXISTS `item` (
  `idItem` bigint(20) unsigned NOT NULL,
  `idTipo` tinyint(3) unsigned DEFAULT NULL,
  `nombre` varchar(150) DEFAULT NULL
) ENGINE=InnoDB AUTO_INCREMENT=1554 DEFAULT CHARSET=utf8;

--
-- Volcado de datos para la tabla `item`
--

INSERT INTO `item` (`idItem`, `idTipo`, `nombre`) VALUES
(27, 2, 'Posición 1'),
(29, 3, 'A4 Fondo claro'),
(30, 3, 'A4 Fondo oscuro'),
(31, 4, 'Termotransferible Blanco'),
(34, 5, 'Servicios Express'),
(36, 5, 'Envío Express 24hs'),
(37, 5, 'Entrega a domicilio / Zona 1'),
(38, 3, 'A3 Fondo claro'),
(41, 6, 'Números Grandes por Mayor'),
(42, 6, 'Nombres Grandes por Mayor'),
(47, 3, 'A3 Fondo Oscuro'),
(48, 3, 'A5 Fondo Claro'),
(49, 3, 'A5 Fondo Oscuro'),
(50, 6, 'Número Grande por Menor'),
(51, 6, 'Nombre Grande por Menor'),
(52, 5, 'Entrega a domicilio / Zona 2'),
(53, 5, 'Entrega a domicilio / Zona 3'),
(54, 5, 'Entrega a Domicilio / Promoción Martes o Jueves / Zona 1'),
(58, 2, 'Posición 2'),
(59, 2, 'Posición 3'),
(60, 2, 'Posición 4'),
(1298, 1, 'Remera Unisex Blanco'),
(1299, 1, 'Remera Unisex Negro'),
(1300, 1, 'Remera Unisex Gris Claro'),
(1301, 1, 'Remera Unisex Gris Oscuro'),
(1302, 1, 'Remera Unisex Beige'),
(1303, 1, 'Remera Unisex Azul Francia'),
(1304, 1, 'Remera Unisex Azul Marino'),
(1305, 1, 'Remera Unisex Azul Piedra'),
(1306, 1, 'Remera Unisex Celeste'),
(1307, 1, 'Remera Unisex Bordo'),
(1308, 1, 'Remera Unisex Rojo'),
(1309, 1, 'Remera Unisex Naranja'),
(1310, 1, 'Remera Unisex Amarillo'),
(1311, 1, 'Remera Unisex Verde Ingles'),
(1312, 1, 'Remera Unisex Verde Benetton'),
(1313, 1, 'Remera Unisex Verde Manzana'),
(1314, 1, 'Remera Unisex Verde Militar'),
(1315, 1, 'Remera Unisex V Blanca'),
(1316, 1, 'Remera  Unisex V Negra'),
(1317, 1, 'Remera Unisex V Gris Claro'),
(1318, 1, 'Remera Unisex V Uva'),
(1319, 1, 'Remera Unisex V Azul Francia'),
(1320, 1, 'Remera Unisex V Azul Marino'),
(1321, 1, 'Remera Dama Blanco'),
(1322, 1, 'Remera Dama Negra'),
(1323, 1, 'Remera Dama Verde Manzana'),
(1324, 1, 'Remera Dama V Blanca'),
(1325, 1, 'Remera Dama V Negra'),
(1326, 1, 'Remera Dama V Violeta'),
(1327, 1, 'Remera Dama V Fucsia'),
(1328, 1, 'Remera Dama V Turquesa'),
(1329, 1, 'Polo Unisex Blanca'),
(1330, 1, 'Polo Unisex Negra'),
(1331, 1, 'Polo Unisex Gris Claro'),
(1332, 1, 'Polo Unisex Azul Marino'),
(1333, 1, 'Polo Unisex Rojo'),
(1334, 1, 'Polo Dama Blanca'),
(1335, 1, 'Polo Dama Negra'),
(1336, 1, 'Polo Dama Roja'),
(1337, 1, 'Polo Dama Violeta'),
(1338, 1, 'Remera Dry Blanco'),
(1339, 1, 'Remera Dry Negro'),
(1340, 1, 'Remera Dry Azul Francia'),
(1341, 1, 'Remera Dry Rojo'),
(1342, 1, 'Remera Dry Naranja'),
(1343, 1, 'Remera Dry Amarillo'),
(1344, 1, 'Remera Dry Verde Manzana'),
(1345, 1, 'Musculosa Unisex Blanco'),
(1346, 1, 'Musculosa Unisex Negro'),
(1347, 1, 'Musculosa Dama Blanco'),
(1348, 1, 'Musculosa Dama Negro'),
(1349, 1, 'Remera Niño Blanco'),
(1350, 1, 'Remera Niño Negro'),
(1351, 1, 'Remera Niño Azul Francia'),
(1352, 1, 'Remera Niño Azul Marino'),
(1353, 1, 'Remera Niño Rojo'),
(1354, 1, 'Remera Niño Amarillo'),
(1355, 1, 'Remera Niño Verde Ingles'),
(1356, 1, 'Remera Niño Violeta'),
(1357, 1, 'Remera Niño Naranja'),
(1358, 1, 'Remera Dry Niño Blanco'),
(1359, 1, 'Polo Niño Blanco'),
(1360, 1, 'Polo Niño Negro'),
(1361, 1, 'Polo Niño Azul Marino'),
(1362, 1, 'Remera Unisex Blanco'),
(1363, 1, 'Remera Unisex Negro'),
(1364, 1, 'Remera Unisex Gris Claro'),
(1365, 1, 'Remera Unisex Gris Oscuro'),
(1366, 1, 'Remera Unisex Beige'),
(1367, 1, 'Remera Unisex Arena'),
(1368, 1, 'Remera Unisex Azul Francia'),
(1369, 1, 'Remera Unisex Azul Marino'),
(1370, 1, 'Remera Unisex Turquesa'),
(1371, 1, 'Remera Unisex Celeste'),
(1372, 1, 'Remera Unisex Rojo'),
(1373, 1, 'Remera Unisex Naranja'),
(1374, 1, 'Remera Unisex Amarillo'),
(1375, 1, 'Remera Unisex Verde Italia'),
(1376, 1, 'Remera Unisex Verde Manzana'),
(1377, 1, 'Remera Unisex Violeta'),
(1378, 1, 'Remera Dama Blanco'),
(1379, 1, 'Remera Dama Negra'),
(1380, 1, 'Remera Dama Roja'),
(1381, 1, 'Remera Dama Turquesa'),
(1382, 1, 'Remera Dama Fucsia'),
(1383, 1, 'Remera Dama Violeta'),
(1384, 1, 'Sudadera Unisex Negra'),
(1385, 1, 'Sudadera Unisex Blanca'),
(1386, 1, 'Sudadera Unisex Azul Marino'),
(1387, 1, 'Sudadera Dama Negra'),
(1388, 1, 'Sudadera Dama Blanca'),
(1389, 1, 'Sudadera Dama Rojo'),
(1390, 1, 'Polo Unisex Blanca'),
(1391, 1, 'Polo Unisex Negra'),
(1392, 1, 'Polo Unisex Gris Claro'),
(1393, 1, 'Polo Unisex Azul Marino'),
(1394, 1, 'Polo Unisex Azul Francia'),
(1395, 1, 'Polo Unisex Rojo'),
(1396, 1, 'Polo Unisex Verde Italia'),
(1397, 1, 'Polo Unisex Naranja'),
(1398, 1, 'Polo Unisex Beige'),
(1399, 1, 'Polo Unisex Celeste'),
(1400, 1, 'Polo Dama Blanco'),
(1401, 1, 'Polo Dama Negro'),
(1402, 1, 'Polo Dama Roja'),
(1403, 1, 'Polo Dama Turquesa'),
(1404, 1, 'Polo Dama Azul Marino'),
(1405, 1, 'Remera Bebé Negra'),
(1406, 1, 'Remera Bebé Blanca'),
(1407, 1, 'Remera Bebé Celeste'),
(1408, 1, 'Remera Bebé Roja'),
(1409, 1, 'Remera Bebé Rosada'),
(1410, 1, 'Remera Bebé Fucsia'),
(1411, 1, 'Remera Bebé Amarilla'),
(1412, 1, 'Remera Unisex Manga Larga Negra'),
(1413, 1, 'Remera Unisex Manga Larga Blanca'),
(1414, 1, 'Remera Unisex Manga Larga Roja'),
(1415, 1, 'Remera Unisex Manga Larga Azul Marino'),
(1416, 1, 'Buzo Felpa Azul Marino'),
(1417, 1, 'Buzo Felpa Gris Claro'),
(1418, 1, 'Buzo Canguro Negro'),
(1419, 1, 'Buzo Canguro Azul Marino'),
(1420, 1, 'Buzo Canguro Azul Francia'),
(1421, 1, 'Buzo Canguro Rojo'),
(1422, 1, 'Buzo Canguro Gris Claro'),
(1423, 1, 'Campera Canguro Negro'),
(1424, 1, 'Campera Canguro Azul Francia'),
(1425, 1, 'Remera Dry Unisex Blanco'),
(1426, 1, 'Remera Dry Unisex Negro'),
(1427, 1, 'Remera Dry Unisex Azul Marino'),
(1428, 1, 'Remera Dry Unisex A. Francia'),
(1429, 1, 'Remera Dry Unisex Naranja'),
(1430, 1, 'Remera Dry Unisex Verde Manzana'),
(1431, 1, 'Remera Dry Dama Blanco'),
(1432, 1, 'Remera Dry Dama Negro'),
(1433, 1, 'Remera Dry Dama Azul Marino'),
(1434, 1, 'Remera Dry Dama Violeta'),
(1435, 1, 'Remera Dry Dama Fucsia'),
(1436, 1, 'Remera Dry Dama Naranja fluo'),
(1437, 1, 'Remera Dry Dama Verde Fluo'),
(1438, 1, 'Remera Dry Niño Blanco'),
(1439, 1, 'Remera Dry Niño Negro'),
(1440, 1, 'Remera Dry Niño Verde Manzana'),
(1441, 1, 'Remera Niño Negro'),
(1442, 1, 'Remera Niño Blanco'),
(1443, 1, 'Remera Niño A. Marino'),
(1444, 1, 'Remera Niño A. Francia'),
(1445, 1, 'Remera Niño V. Ingles'),
(1446, 1, 'Remera Niño V. Manzana'),
(1447, 1, 'Remera Niño Rojo'),
(1448, 1, 'Remera Niño Naranja'),
(1449, 1, 'Remera Niño Amarillo'),
(1450, 1, 'Remera Niño Caleste'),
(1451, 1, 'Remera Niño Gris Claro'),
(1452, 1, 'Remera Dama Negra'),
(1453, 1, 'Remera Dama Blanca'),
(1454, 1, 'Rem. Dama Fucsia'),
(1455, 1, 'Rem. Dama Gris Clara'),
(1456, 1, 'Rem. Dama A. Piedra'),
(1457, 1, 'Rem. Dama A. Marino'),
(1458, 1, 'Remera Dama V Blanca'),
(1459, 1, 'Remera Dama V Negra'),
(1460, 1, 'Remera Dama V Gris Clara'),
(1461, 1, 'Remera Dama V Fucsia'),
(1462, 1, 'Remera Dama V Azul Piedra'),
(1463, 1, 'Remera Unisex V Negra'),
(1464, 1, 'Remera Unisex V Blanca'),
(1465, 1, 'Remera Unisex V Verde'),
(1466, 1, 'Remera Unisex V Azul Francia'),
(1467, 1, 'Remera Unisex V Azul Marino'),
(1468, 1, 'Remera Unisex V Marròn'),
(1469, 1, 'Body Bebé Blanco'),
(1470, 1, 'Delantal Negro'),
(1471, 1, 'Delantal Blanco'),
(1472, 1, 'Delantal Rojo'),
(1473, 1, 'Delantal Azul Francia'),
(1474, 1, 'Gorro trucker Negro y Blanco'),
(1475, 1, 'Gorro Trucker Comb. Rojo y B.'),
(1476, 1, 'Gorro Trucker Comb. Azul F.y B.'),
(1477, 1, 'Gorro Trucker Comb. Azul M.y B.'),
(1478, 1, 'Gorro Trucker Comb. Verde y B.'),
(1479, 1, 'Gorro Trucker Comb. Azul y Rojo'),
(1480, 1, 'Gorro Classic Negro'),
(1481, 1, 'Gorro Classic Blanco'),
(1482, 1, 'Gorro Classic Verde Ingles'),
(1483, 1, 'Gorro Classic Azul Marino'),
(1484, 1, 'Gorro Classic Azul Francia'),
(1485, 1, 'Gorro Classic Amarillo'),
(1486, 1, 'Gorro Classic Naranja'),
(1487, 1, 'Gorro Classic Gris claro'),
(1488, 1, 'Gorro Premiun Negro'),
(1489, 1, 'Gorro Premiun Blanco'),
(1490, 1, 'Gorro Premiun Gris Claro'),
(1491, 1, 'Gorro Premiun Azul Marino'),
(1492, 1, 'Gorro Premiun Verde Ingles'),
(1493, 1, 'Cuadros A4 Vidrio'),
(1494, 1, 'Cuadros A3 Vidrio'),
(1495, 1, 'Cuadro A3 Tela'),
(1496, 1, 'Tazas Blancas'),
(1497, 1, 'Tazas Comb. Roja'),
(1498, 1, 'Tazas Comb. Negra'),
(1499, 1, 'Tazas Comb. Verde'),
(1500, 1, 'Tazas Comb. Azul'),
(1501, 1, 'Tazas Comb. Celeste'),
(1502, 1, 'Tazas Comb. Amarilla'),
(1503, 1, 'Tazas Comb. Naranja'),
(1504, 1, 'Tazas Comb. Verde Manzana'),
(1505, 1, 'Tazas Mágicas Negra'),
(1506, 1, 'Taza Vidrio Transparente'),
(1508, 2, 'Posición 5'),
(1509, 2, 'Posición 6'),
(1510, 2, 'Posición 7'),
(1511, 2, 'Posición 8'),
(1513, 3, 'A4 Fondo claro x Mayor'),
(1514, 3, 'A4 Fondo oscuro x Mayor'),
(1515, 3, 'A3 Fondo claro x Mayor'),
(1516, 3, 'A3 Fondo oscuro x Mayor'),
(1517, 3, 'A5 Fondo Claro x Mayor'),
(1518, 3, 'A5 Fondo Oscuro x Mayor'),
(1519, 6, 'Números Chicos por Mayor'),
(1520, 6, 'Nombres Chicos por Mayor'),
(1521, 6, 'Nombres Chicos por Menor'),
(1522, 6, 'Números Chicos por Menor'),
(1523, 5, 'Entrega a Domicilio / Promoción Martes o Jueves / Zona 2'),
(1524, 5, 'Entrega a Domicilio / Promoción Martes o Jueves / Zona 3'),
(1525, 5, 'Envío a 3 Cruses'),
(1526, 5, 'Envoltorio para Regalo'),
(1527, 5, 'Diseño de Logo / Standard'),
(1528, 5, 'Diseño de Logo /  x Hora'),
(1529, 5, 'Grabado y Postura / Serigrafia'),
(1530, 4, 'Termotransferible Negro'),
(1531, 4, 'Termotransferible Amarillo'),
(1532, 4, 'Termotransferible Rojo'),
(1533, 4, 'Termotransferible Azul Francia'),
(1534, 4, 'Termotransferible Azul Marino'),
(1535, 4, 'Termotransferible Naranja'),
(1536, 4, 'Termotransferible Rosado'),
(1537, 4, 'Termotransferible Fucsia fluo'),
(1538, 4, 'Termotransferible Verde Fluo'),
(1539, 4, 'Termotransferible Verde Ingles'),
(1540, 4, 'Termotransferible Gris Claro'),
(1541, 5, 'Empaquetado Standard'),
(1542, 7, 'Transfer'),
(1543, 7, 'Sublimacion'),
(1544, 1, 'Remera Adulto por Mayor'),
(1545, 1, 'Remera Adulto por Mayor'),
(1546, 1, 'Remera Adulto por Mayor'),
(1547, 1, 'Remera Adulto por Mayor'),
(1548, 1, 'Remera Adulto por Mayor'),
(1549, 1, 'Rem. Adulto por Mayor'),
(1550, 1, 'Rem. Adulto por Mayor'),
(1551, 1, 'ropa nueva'),
(1552, 1, 'ropa nueva');

-- --------------------------------------------------------

--
-- Estructura de tabla para la tabla `limite`
--

CREATE TABLE IF NOT EXISTS `limite` (
  `idLimite` int(10) unsigned NOT NULL,
  `inferior` bigint(20) unsigned DEFAULT '0' COMMENT 'Limite superior'
) ENGINE=InnoDB AUTO_INCREMENT=42 DEFAULT CHARSET=utf8;

--
-- Volcado de datos para la tabla `limite`
--

INSERT INTO `limite` (`idLimite`, `inferior`) VALUES
(26, 1),
(27, 3),
(28, 5),
(29, 10),
(30, 17),
(31, 25),
(32, 38),
(33, 50),
(34, 75),
(35, 100),
(36, 175),
(37, 250),
(38, 375),
(39, 500),
(40, 750),
(41, 1000);

-- --------------------------------------------------------

--
-- Estructura de tabla para la tabla `movimiento`
--

CREATE TABLE IF NOT EXISTS `movimiento` (
  `idCotizacion` bigint(20) unsigned NOT NULL,
  `mov` int(11) NOT NULL,
  `concepto` text,
  `cantidad` int(10) unsigned DEFAULT NULL,
  `descuento` int(10) unsigned DEFAULT NULL,
  `neto` decimal(10,2) unsigned DEFAULT NULL,
  `total` decimal(10,2) unsigned DEFAULT NULL
) ENGINE=InnoDB DEFAULT CHARSET=utf8;

--
-- Volcado de datos para la tabla `movimiento`
--

INSERT INTO `movimiento` (`idCotizacion`, `mov`, `concepto`, `cantidad`, `descuento`, `neto`, `total`) VALUES
(11, 1, 'DP Posición 1 (Tamaño: Chico; No de colores: 1; P. U.: 2.00)', 2, 0, '4.00', '4.00'),
(11, 2, 'A3 claro (P. U.: 230.00)', 3, 0, '690.00', '690.00'),
(15, 1, 'Playera 1 2: Grande (2 - 20.00), Mediana (1 - 10.00)', 3, 0, '30.00', '30.00'),
(16, 1, 'Remera Blanca: Grande (10 - 1800.00)', 10, 0, '1800.00', '1800.00'),
(16, 2, 'A4 fondo claro (P. U.: 330.00)', 10, 0, '3300.00', '3300.00'),
(16, 3, 'Entrega a domicilio dentro de la ciudad ( P. U.: 50.00)', 1, 0, '50.00', '50.00'),
(17, 1, 'Remera Blanca Speedway: Talle L (1 - 120.00)', 1, 0, '120.00', '120.00'),
(17, 2, 'A3 Fondo claro (P. U.: 530.00)', 1, 0, '530.00', '530.00'),
(17, 3, 'Entrega a Domicilio / Promoción Miércoles o Viernes ( P. U.: 60.00)', 1, 0, '60.00', '60.00'),
(18, 1, 'B. Canguro Negro: Talle 2 (1 - 452.00)', 1, 0, '452.00', '452.00'),
(19, 1, '#Polo Unisex A. Marino Speedway: Talle S (2 - 488.00), Talle M (2 - 488.00)', 4, 0, '976.00', '976.00'),
(19, 2, '#Polo Unisex Blanca Speedway: Talle S (2 - 448.00), Talle M (2 - 448.00)', 4, 0, '896.00', '896.00'),
(19, 3, 'DP Posición 3 (Tamaño: Tamaño único; No de colores: 2; P. U.: 204.00)', 8, 0, '1632.00', '1632.00'),
(19, 4, 'DP Posición 1 (Tamaño: Tamaño único; No de colores: 1; P. U.: 82.50)', 8, 0, '660.00', '660.00'),
(20, 1, 'Rem. Niño Naranja A.Embroidery: Talle 8 (12 - 1416.00)', 12, 0, '1416.00', '1416.00'),
(20, 2, 'A5 Fondo Oscuro x Mayor (P. U.: 155.00)', 12, 0, '1860.00', '1860.00'),
(21, 1, 'DP Posición 1 (Tamaño: Tamaño único; No de colores: 1; P. U.: 60.75)', 10, 0, '607.50', '607.50'),
(21, 2, '# Rem.Unisex Beige Speedway: Talle XS (40 - 5760.00)', 40, 0, '5760.00', '5760.00'),
(22, 1, 'undefined: Talle S (30 - 6720.00)', 30, 0, '6720.00', '6720.00'),
(22, 2, 'DP Posición 3 (Tamaño: Tamaño único; No de colores: 1; P. U.: 78.00)', 30, 0, '2340.00', '2340.00'),
(23, 1, 'undefined: Talle S (12 - 2688.00)', 12, 0, '2688.00', '2688.00'),
(23, 2, 'DP Posición 1 (Tamaño: Tamaño único; No de colores: 1; P. U.: 39.00)', 25, 0, '975.00', '975.00'),
(24, 1, 'undefined: Talle S (6 - 720.00)', 6, 0, '720.00', '720.00'),
(24, 2, 'DP Posición 1 (Tamaño: Tamaño único; No de colores: 1; P. U.: 82.50)', 6, 0, '495.00', '495.00');

-- --------------------------------------------------------

--
-- Estructura de tabla para la tabla `otrastecnicas`
--

CREATE TABLE IF NOT EXISTS `otrastecnicas` (
  `idItem` bigint(20) unsigned NOT NULL,
  `precio` decimal(10,2) unsigned DEFAULT NULL
) ENGINE=InnoDB DEFAULT CHARSET=utf8;

--
-- Volcado de datos para la tabla `otrastecnicas`
--

INSERT INTO `otrastecnicas` (`idItem`, `precio`) VALUES
(1542, '0.00'),
(1543, '0.00');

-- --------------------------------------------------------

--
-- Estructura de tabla para la tabla `otros`
--

CREATE TABLE IF NOT EXISTS `otros` (
  `idItem` bigint(20) unsigned NOT NULL,
  `descripcion` text,
  `precio` decimal(10,2) DEFAULT '0.00'
) ENGINE=InnoDB DEFAULT CHARSET=utf8;

--
-- Volcado de datos para la tabla `otros`
--

INSERT INTO `otros` (`idItem`, `descripcion`, `precio`) VALUES
(36, 'Envío en 24 horas', '150.00'),
(37, 'Montevideo', '80.00'),
(40, 'Es un servicio express en 3 dias', '130.00'),
(52, 'Montevideo', '125.00'),
(53, 'Costa de Oro', '180.00'),
(54, 'Montevideo, zona 1', '60.00'),
(55, 'Envío al interior por Encomienda', '80.00'),
(56, 'Diseño Grafico', '100.00'),
(57, 'Diseño Grafico', '250.00'),
(1523, 'Montevideo, zona 2', '100.00'),
(1524, 'Montevideo, zona 3', '150.00'),
(1525, 'Envío al interior por Encomienda', '80.00'),
(1526, 'Bolsa de Papel con Moña', '35.00'),
(1527, 'Sensillo', '100.00'),
(1528, 'Tiempo de Diseño', '250.00'),
(1529, 'Solo para serigrafia', '250.00'),
(1541, 'Planchado, doblado y envolsado', '5.00');

-- --------------------------------------------------------

--
-- Estructura de tabla para la tabla `precioserigrafia`
--

CREATE TABLE IF NOT EXISTS `precioserigrafia` (
  `idItem` bigint(20) unsigned NOT NULL,
  `idTamano` tinyint(3) unsigned NOT NULL DEFAULT '0',
  `idLimite` int(10) unsigned NOT NULL DEFAULT '0',
  `colores` smallint(5) unsigned NOT NULL DEFAULT '0',
  `precio` decimal(10,2) unsigned DEFAULT NULL
) ENGINE=InnoDB DEFAULT CHARSET=utf8;

--
-- Volcado de datos para la tabla `precioserigrafia`
--

INSERT INTO `precioserigrafia` (`idItem`, `idTamano`, `idLimite`, `colores`, `precio`) VALUES
(27, 1, 1, 1, '10.00'),
(27, 1, 1, 2, '20.00'),
(27, 1, 1, 3, '30.00'),
(27, 1, 1, 4, '40.00'),
(27, 1, 1, 5, '50.00'),
(27, 1, 18, 1, '2.00'),
(27, 1, 26, 1, '300.00'),
(27, 1, 26, 2, '450.00'),
(27, 1, 26, 3, '650.00'),
(27, 1, 26, 4, '980.00'),
(27, 1, 26, 5, '1500.00'),
(27, 1, 27, 1, '150.00'),
(27, 1, 27, 2, '225.00'),
(27, 1, 27, 3, '325.00'),
(27, 1, 27, 4, '490.00'),
(27, 1, 27, 5, '750.00'),
(27, 1, 28, 1, '82.50'),
(27, 1, 28, 2, '102.00'),
(27, 1, 28, 3, '124.50'),
(27, 1, 28, 4, '150.37'),
(27, 1, 28, 5, '180.12'),
(27, 1, 29, 1, '60.75'),
(27, 1, 29, 2, '77.06'),
(27, 1, 29, 3, '95.81'),
(27, 1, 29, 4, '117.38'),
(27, 1, 29, 5, '142.19'),
(27, 1, 30, 1, '50.00'),
(27, 1, 30, 2, '64.50'),
(27, 1, 30, 3, '81.40'),
(27, 1, 30, 4, '100.00'),
(27, 1, 30, 5, '123.00'),
(27, 1, 31, 1, '39.00'),
(27, 1, 31, 2, '52.00'),
(27, 1, 31, 3, '67.00'),
(27, 1, 31, 4, '84.25'),
(27, 1, 31, 5, '104.08'),
(27, 1, 32, 1, '35.50'),
(27, 1, 32, 2, '47.80'),
(27, 1, 32, 3, '62.50'),
(27, 1, 32, 4, '78.80'),
(27, 1, 32, 5, '97.80'),
(27, 1, 33, 1, '31.75'),
(27, 1, 33, 2, '43.60'),
(27, 1, 33, 3, '57.50'),
(27, 1, 33, 4, '73.25'),
(27, 1, 33, 5, '91.50'),
(27, 1, 34, 1, '28.00'),
(27, 1, 34, 2, '39.50'),
(27, 1, 34, 3, '52.50'),
(27, 1, 34, 4, '67.80'),
(27, 1, 34, 5, '85.00'),
(27, 1, 35, 1, '24.50'),
(27, 1, 35, 2, '35.37'),
(27, 1, 35, 3, '48.00'),
(27, 1, 35, 4, '62.25'),
(27, 1, 35, 5, '79.00'),
(27, 1, 36, 1, '21.60'),
(27, 1, 36, 2, '32.00'),
(27, 1, 36, 3, '44.00'),
(27, 1, 36, 4, '58.00'),
(27, 1, 36, 5, '73.70'),
(27, 1, 37, 1, '18.66'),
(27, 1, 37, 2, '28.66'),
(27, 1, 37, 3, '40.00'),
(27, 1, 37, 4, '53.40'),
(27, 1, 37, 5, '68.60'),
(27, 1, 38, 1, '16.50'),
(27, 1, 38, 2, '33.00'),
(27, 1, 38, 3, '37.30'),
(27, 1, 38, 4, '50.00'),
(27, 1, 38, 5, '64.70'),
(27, 1, 39, 1, '14.50'),
(27, 1, 39, 2, '23.66'),
(27, 1, 39, 3, '34.50'),
(27, 1, 39, 4, '47.00'),
(27, 1, 39, 5, '61.00'),
(27, 1, 40, 1, '12.20'),
(27, 1, 40, 2, '21.20'),
(27, 1, 40, 3, '31.50'),
(27, 1, 40, 4, '43.50'),
(27, 1, 40, 5, '57.10'),
(27, 1, 41, 1, '10.00'),
(27, 1, 41, 2, '17.00'),
(27, 1, 41, 3, '28.60'),
(27, 1, 41, 4, '40.20'),
(27, 1, 41, 5, '53.50'),
(27, 2, 1, 1, '20.00'),
(27, 2, 1, 2, '30.00'),
(27, 2, 1, 3, '40.00'),
(27, 2, 1, 4, '50.00'),
(27, 2, 1, 5, '60.00'),
(58, 1, 26, 1, '450.00'),
(58, 1, 26, 2, '675.00'),
(58, 1, 26, 3, '975.00'),
(58, 1, 26, 4, '1470.00'),
(58, 1, 26, 5, '2250.00'),
(58, 1, 27, 1, '225.00'),
(58, 1, 27, 2, '338.00'),
(58, 1, 27, 3, '488.00'),
(58, 1, 27, 4, '735.00'),
(58, 1, 27, 5, '1125.00'),
(58, 1, 28, 1, '124.00'),
(58, 1, 28, 2, '153.00'),
(58, 1, 28, 3, '187.00'),
(58, 1, 28, 4, '225.00'),
(58, 1, 28, 5, '270.00'),
(58, 1, 29, 1, '91.00'),
(58, 1, 29, 2, '116.00'),
(58, 1, 29, 3, '144.00'),
(58, 1, 29, 4, '176.00'),
(58, 1, 29, 5, '214.00'),
(58, 1, 30, 1, '75.00'),
(58, 1, 30, 2, '97.00'),
(58, 1, 30, 3, '122.00'),
(58, 1, 30, 4, '150.00'),
(58, 1, 30, 5, '185.00'),
(58, 1, 31, 1, '58.50'),
(58, 1, 31, 2, '78.00'),
(58, 1, 31, 3, '100.00'),
(58, 1, 31, 4, '126.50'),
(58, 1, 31, 5, '156.00'),
(58, 1, 32, 1, '53.50'),
(58, 1, 32, 2, '72.00'),
(58, 1, 32, 3, '94.00'),
(58, 1, 32, 4, '118.00'),
(58, 1, 32, 5, '147.00'),
(58, 1, 33, 1, '48.00'),
(58, 1, 33, 2, '65.50'),
(58, 1, 33, 3, '86.00'),
(58, 1, 33, 4, '110.00'),
(58, 1, 33, 5, '137.50'),
(58, 1, 34, 1, '42.00'),
(58, 1, 34, 2, '59.50'),
(58, 1, 34, 3, '79.00'),
(58, 1, 34, 4, '102.00'),
(58, 1, 34, 5, '127.50'),
(58, 1, 35, 1, '37.00'),
(58, 1, 35, 2, '53.00'),
(58, 1, 35, 3, '72.00'),
(58, 1, 35, 4, '93.50'),
(58, 1, 35, 5, '118.00'),
(58, 1, 36, 1, '32.50'),
(58, 1, 36, 2, '48.00'),
(58, 1, 36, 3, '66.00'),
(58, 1, 36, 4, '87.00'),
(58, 1, 36, 5, '110.50'),
(58, 1, 37, 1, '28.00'),
(58, 1, 37, 2, '43.00'),
(58, 1, 37, 3, '60.50'),
(58, 1, 37, 4, '80.00'),
(58, 1, 37, 5, '103.00'),
(58, 1, 38, 1, '25.00'),
(58, 1, 38, 2, '49.50'),
(58, 1, 38, 3, '56.00'),
(58, 1, 38, 4, '75.00'),
(58, 1, 38, 5, '97.00'),
(58, 1, 39, 1, '21.50'),
(58, 1, 39, 2, '35.50'),
(58, 1, 39, 3, '52.00'),
(58, 1, 39, 4, '70.00'),
(58, 1, 39, 5, '91.00'),
(58, 1, 40, 1, '18.50'),
(58, 1, 40, 2, '32.00'),
(58, 1, 40, 3, '47.50'),
(58, 1, 40, 4, '62.50'),
(58, 1, 40, 5, '86.00'),
(58, 1, 41, 1, '15.00'),
(58, 1, 41, 2, '28.00'),
(58, 1, 41, 3, '43.00'),
(58, 1, 41, 4, '60.50'),
(58, 1, 41, 5, '80.00'),
(59, 1, 26, 1, '580.00'),
(59, 1, 26, 2, '870.00'),
(59, 1, 26, 3, '1305.00'),
(59, 1, 26, 4, '1957.00'),
(59, 1, 26, 5, '2500.00'),
(59, 1, 27, 1, '290.00'),
(59, 1, 27, 2, '435.00'),
(59, 1, 27, 3, '653.00'),
(59, 1, 27, 4, '979.00'),
(59, 1, 27, 5, '1250.00'),
(59, 1, 28, 1, '165.00'),
(59, 1, 28, 2, '204.00'),
(59, 1, 28, 3, '250.00'),
(59, 1, 28, 4, '300.00'),
(59, 1, 28, 5, '360.00'),
(59, 1, 29, 1, '122.00'),
(59, 1, 29, 2, '154.00'),
(59, 1, 29, 3, '192.00'),
(59, 1, 29, 4, '235.00'),
(59, 1, 29, 5, '285.00'),
(59, 1, 30, 1, '100.00'),
(59, 1, 30, 2, '129.00'),
(59, 1, 30, 3, '169.00'),
(59, 1, 30, 4, '202.00'),
(59, 1, 30, 5, '247.00'),
(59, 1, 31, 1, '78.00'),
(59, 1, 31, 2, '104.00'),
(59, 1, 31, 3, '134.00'),
(59, 1, 31, 4, '169.00'),
(59, 1, 31, 5, '208.00'),
(59, 1, 32, 1, '72.00'),
(59, 1, 32, 2, '96.00'),
(59, 1, 32, 3, '125.00'),
(59, 1, 32, 4, '158.00'),
(59, 1, 32, 5, '196.00'),
(59, 1, 33, 1, '66.00'),
(59, 1, 33, 2, '88.00'),
(59, 1, 33, 3, '115.00'),
(59, 1, 33, 4, '147.00'),
(59, 1, 33, 5, '183.00'),
(59, 1, 34, 1, '56.00'),
(59, 1, 34, 2, '79.00'),
(59, 1, 34, 3, '105.00'),
(59, 1, 34, 4, '136.00'),
(59, 1, 34, 5, '170.00'),
(59, 1, 35, 1, '50.00'),
(59, 1, 35, 2, '71.00'),
(59, 1, 35, 3, '96.00'),
(59, 1, 35, 4, '125.00'),
(59, 1, 35, 5, '158.00'),
(59, 1, 36, 1, '45.00'),
(59, 1, 36, 2, '65.00'),
(59, 1, 36, 3, '89.00'),
(59, 1, 36, 4, '116.00'),
(59, 1, 36, 5, '148.00'),
(59, 1, 37, 1, '38.00'),
(59, 1, 37, 2, '58.00'),
(59, 1, 37, 3, '80.00'),
(59, 1, 37, 4, '107.00'),
(59, 1, 37, 5, '138.00'),
(59, 1, 38, 1, '33.00'),
(59, 1, 38, 2, '66.00'),
(59, 1, 38, 3, '75.00'),
(59, 1, 38, 4, '100.00'),
(59, 1, 38, 5, '130.00'),
(59, 1, 39, 1, '30.00'),
(59, 1, 39, 2, '48.00'),
(59, 1, 39, 3, '69.00'),
(59, 1, 39, 4, '95.00'),
(59, 1, 39, 5, '122.00'),
(59, 1, 40, 1, '25.00'),
(59, 1, 40, 2, '45.00'),
(59, 1, 40, 3, '65.00'),
(59, 1, 40, 4, '87.00'),
(59, 1, 40, 5, '115.00'),
(59, 1, 41, 1, '20.00'),
(59, 1, 41, 2, '38.00'),
(59, 1, 41, 3, '58.00'),
(59, 1, 41, 4, '80.00'),
(59, 1, 41, 5, '107.00'),
(60, 1, 26, 1, '870.00'),
(60, 1, 26, 2, '1305.00'),
(60, 1, 26, 3, '1957.50'),
(60, 1, 26, 4, '2936.00'),
(60, 1, 26, 5, '4404.00'),
(60, 1, 27, 1, '435.00'),
(60, 1, 27, 2, '652.50'),
(60, 1, 27, 3, '979.00'),
(60, 1, 27, 4, '1468.00'),
(60, 1, 27, 5, '2202.00'),
(60, 1, 28, 1, '247.50'),
(60, 1, 28, 2, '306.00'),
(60, 1, 28, 3, '373.50'),
(60, 1, 28, 4, '451.00'),
(60, 1, 28, 5, '540.50'),
(60, 1, 29, 1, '182.50'),
(60, 1, 29, 2, '231.00'),
(60, 1, 29, 3, '287.50'),
(60, 1, 29, 4, '352.00'),
(60, 1, 29, 5, '426.50'),
(60, 1, 30, 1, '150.00'),
(60, 1, 30, 2, '193.50'),
(60, 1, 30, 3, '253.50'),
(60, 1, 30, 4, '303.00'),
(60, 1, 30, 5, '370.50'),
(60, 1, 31, 1, '117.00'),
(60, 1, 31, 2, '156.00'),
(60, 1, 31, 3, '201.00'),
(60, 1, 31, 4, '253.00'),
(60, 1, 31, 5, '312.50'),
(60, 1, 32, 1, '108.00'),
(60, 1, 32, 2, '145.00'),
(60, 1, 32, 3, '187.50'),
(60, 1, 32, 4, '237.00'),
(60, 1, 32, 5, '294.00'),
(60, 1, 33, 1, '98.50'),
(60, 1, 33, 2, '131.00'),
(60, 1, 33, 3, '173.00'),
(60, 1, 33, 4, '220.00'),
(60, 1, 33, 5, '274.50'),
(60, 1, 34, 1, '84.00'),
(60, 1, 34, 2, '118.50'),
(60, 1, 34, 3, '157.50'),
(60, 1, 34, 4, '204.00'),
(60, 1, 34, 5, '255.00'),
(60, 1, 35, 1, '73.50'),
(60, 1, 35, 2, '106.00'),
(60, 1, 35, 3, '143.50'),
(60, 1, 35, 4, '186.50'),
(60, 1, 35, 5, '236.50'),
(60, 1, 36, 1, '67.50'),
(60, 1, 36, 2, '97.50'),
(60, 1, 36, 3, '133.50'),
(60, 1, 36, 4, '174.00'),
(60, 1, 36, 5, '222.00'),
(60, 1, 37, 1, '56.00'),
(60, 1, 37, 2, '86.00'),
(60, 1, 37, 3, '120.50'),
(60, 1, 37, 4, '160.00'),
(60, 1, 37, 5, '205.50'),
(60, 1, 38, 1, '49.50'),
(60, 1, 38, 2, '99.00'),
(60, 1, 38, 3, '112.50'),
(60, 1, 38, 4, '150.00'),
(60, 1, 38, 5, '195.00'),
(60, 1, 39, 1, '43.00'),
(60, 1, 39, 2, '71.00'),
(60, 1, 39, 3, '103.50'),
(60, 1, 39, 4, '140.00'),
(60, 1, 39, 5, '182.50'),
(60, 1, 40, 1, '37.50'),
(60, 1, 40, 2, '67.50'),
(60, 1, 40, 3, '97.50'),
(60, 1, 40, 4, '130.50'),
(60, 1, 40, 5, '172.50'),
(60, 1, 41, 1, '30.00'),
(60, 1, 41, 2, '56.00'),
(60, 1, 41, 3, '86.00'),
(60, 1, 41, 4, '120.50'),
(60, 1, 41, 5, '160.00'),
(1508, 1, 26, 1, '986.00'),
(1508, 1, 26, 2, '1479.00'),
(1508, 1, 26, 3, '2218.00'),
(1508, 1, 26, 4, '3327.00'),
(1508, 1, 26, 5, '4250.00'),
(1508, 1, 27, 1, '493.00'),
(1508, 1, 27, 2, '739.50'),
(1508, 1, 27, 3, '1110.00'),
(1508, 1, 27, 4, '1665.00'),
(1508, 1, 27, 5, '2125.00'),
(1508, 1, 28, 1, '297.00'),
(1508, 1, 28, 2, '367.00'),
(1508, 1, 28, 3, '448.00'),
(1508, 1, 28, 4, '541.50'),
(1508, 1, 28, 5, '648.50'),
(1508, 1, 29, 1, '219.00'),
(1508, 1, 29, 2, '277.50'),
(1508, 1, 29, 3, '345.00'),
(1508, 1, 29, 4, '422.50'),
(1508, 1, 29, 5, '512.00'),
(1508, 1, 30, 1, '180.00'),
(1508, 1, 30, 2, '232.50'),
(1508, 1, 30, 3, '304.50'),
(1508, 1, 30, 4, '363.50'),
(1508, 1, 30, 5, '445.00'),
(1508, 1, 31, 1, '140.50'),
(1508, 1, 31, 2, '187.50'),
(1508, 1, 31, 3, '242.50'),
(1508, 1, 31, 4, '303.50'),
(1508, 1, 31, 5, '375.00'),
(1508, 1, 32, 1, '129.50'),
(1508, 1, 32, 2, '173.00'),
(1508, 1, 32, 3, '225.00'),
(1508, 1, 32, 4, '284.50'),
(1508, 1, 32, 5, '353.00'),
(1508, 1, 33, 1, '118.00'),
(1508, 1, 33, 2, '157.00'),
(1508, 1, 33, 3, '207.00'),
(1508, 1, 33, 4, '264.00'),
(1508, 1, 33, 5, '329.50'),
(1508, 1, 34, 1, '100.00'),
(1508, 1, 34, 2, '142.50'),
(1508, 1, 34, 3, '189.00'),
(1508, 1, 34, 4, '245.00'),
(1508, 1, 34, 5, '306.00'),
(1508, 1, 35, 1, '88.50'),
(1508, 1, 35, 2, '127.50'),
(1508, 1, 35, 3, '172.50'),
(1508, 1, 35, 4, '224.00'),
(1508, 1, 35, 5, '284.00'),
(1508, 1, 36, 1, '81.00'),
(1508, 1, 36, 2, '117.00'),
(1508, 1, 36, 3, '160.00'),
(1508, 1, 36, 4, '209.00'),
(1508, 1, 36, 5, '266.50'),
(1508, 1, 37, 1, '67.00'),
(1508, 1, 37, 2, '103.00'),
(1508, 1, 37, 3, '144.50'),
(1508, 1, 37, 4, '192.50'),
(1508, 1, 37, 5, '247.00'),
(1508, 1, 38, 1, '59.50'),
(1508, 1, 38, 2, '119.00'),
(1508, 1, 38, 3, '135.00'),
(1508, 1, 38, 4, '180.00'),
(1508, 1, 38, 5, '234.00'),
(1508, 1, 39, 1, '51.60'),
(1508, 1, 39, 2, '85.50'),
(1508, 1, 39, 3, '124.00'),
(1508, 1, 39, 4, '168.50'),
(1508, 1, 39, 5, '219.00'),
(1508, 1, 40, 1, '45.00'),
(1508, 1, 40, 2, '81.00'),
(1508, 1, 40, 3, '117.00'),
(1508, 1, 40, 4, '156.50'),
(1508, 1, 40, 5, '207.00'),
(1508, 1, 41, 1, '36.00'),
(1508, 1, 41, 2, '67.50'),
(1508, 1, 41, 3, '103.00'),
(1508, 1, 41, 4, '144.50'),
(1508, 1, 41, 5, '192.00'),
(1509, 1, 26, 1, '580.00'),
(1509, 1, 26, 2, '870.00'),
(1509, 1, 26, 3, '1305.00'),
(1509, 1, 26, 4, '1957.00'),
(1509, 1, 26, 5, '2500.00'),
(1509, 1, 27, 1, '290.00'),
(1509, 1, 27, 2, '435.00'),
(1509, 1, 27, 3, '653.00'),
(1509, 1, 27, 4, '979.00'),
(1509, 1, 27, 5, '1250.00'),
(1509, 1, 28, 1, '165.00'),
(1509, 1, 28, 2, '204.00'),
(1509, 1, 28, 3, '249.00'),
(1509, 1, 28, 4, '300.50'),
(1509, 1, 28, 5, '360.50'),
(1509, 1, 29, 1, '121.50'),
(1509, 1, 29, 2, '154.00'),
(1509, 1, 29, 3, '191.50'),
(1509, 1, 29, 4, '234.50'),
(1509, 1, 29, 5, '284.50'),
(1509, 1, 30, 1, '100.00'),
(1509, 1, 30, 2, '129.00'),
(1509, 1, 30, 3, '169.00'),
(1509, 1, 30, 4, '202.00'),
(1509, 1, 30, 5, '247.00'),
(1509, 1, 31, 1, '78.00'),
(1509, 1, 31, 2, '104.00'),
(1509, 1, 31, 3, '134.00'),
(1509, 1, 31, 4, '168.50'),
(1509, 1, 31, 5, '208.00'),
(1509, 1, 32, 1, '72.00'),
(1509, 1, 32, 2, '96.00'),
(1509, 1, 32, 3, '125.00'),
(1509, 1, 32, 4, '158.00'),
(1509, 1, 32, 5, '196.00'),
(1509, 1, 33, 1, '65.50'),
(1509, 1, 33, 2, '87.50'),
(1509, 1, 33, 3, '115.00'),
(1509, 1, 33, 4, '146.50'),
(1509, 1, 33, 5, '183.00'),
(1509, 1, 34, 1, '56.00'),
(1509, 1, 34, 2, '79.00'),
(1509, 1, 34, 3, '105.00'),
(1509, 1, 34, 4, '136.00'),
(1509, 1, 34, 5, '170.00'),
(1509, 1, 35, 1, '49.00'),
(1509, 1, 35, 2, '71.00'),
(1509, 1, 35, 3, '95.50'),
(1509, 1, 35, 4, '124.50'),
(1509, 1, 35, 5, '157.50'),
(1509, 1, 36, 1, '45.00'),
(1509, 1, 36, 2, '65.00'),
(1509, 1, 36, 3, '89.00'),
(1509, 1, 36, 4, '116.00'),
(1509, 1, 36, 5, '148.00'),
(1509, 1, 37, 1, '37.50'),
(1509, 1, 37, 2, '57.50'),
(1509, 1, 37, 3, '80.50'),
(1509, 1, 37, 4, '106.50'),
(1509, 1, 37, 5, '137.00'),
(1509, 1, 38, 1, '33.00'),
(1509, 1, 38, 2, '66.00'),
(1509, 1, 38, 3, '75.00'),
(1509, 1, 38, 4, '100.00'),
(1509, 1, 38, 5, '130.00'),
(1509, 1, 39, 1, '29.00'),
(1509, 1, 39, 2, '47.50'),
(1509, 1, 39, 3, '69.00'),
(1509, 1, 39, 4, '93.50'),
(1509, 1, 39, 5, '121.50'),
(1509, 1, 40, 1, '25.00'),
(1509, 1, 40, 2, '45.00'),
(1509, 1, 40, 3, '65.00'),
(1509, 1, 40, 4, '87.00'),
(1509, 1, 40, 5, '115.00'),
(1509, 1, 41, 1, '20.00'),
(1509, 1, 41, 2, '37.50'),
(1509, 1, 41, 3, '57.50'),
(1509, 1, 41, 4, '80.50'),
(1509, 1, 41, 5, '106.50'),
(1510, 1, 26, 1, '870.00'),
(1510, 1, 26, 2, '1305.00'),
(1510, 1, 26, 3, '1957.00'),
(1510, 1, 26, 4, '2936.00'),
(1510, 1, 26, 5, '4404.00'),
(1510, 1, 27, 1, '435.00'),
(1510, 1, 27, 2, '652.00'),
(1510, 1, 27, 3, '979.00'),
(1510, 1, 27, 4, '1468.00'),
(1510, 1, 27, 5, '2202.00'),
(1510, 1, 28, 1, '247.00'),
(1510, 1, 28, 2, '306.00'),
(1510, 1, 28, 3, '373.00'),
(1510, 1, 28, 4, '451.00'),
(1510, 1, 28, 5, '540.00'),
(1510, 1, 29, 1, '182.50'),
(1510, 1, 29, 2, '231.00'),
(1510, 1, 29, 3, '287.50'),
(1510, 1, 29, 4, '352.00'),
(1510, 1, 29, 5, '426.50'),
(1510, 1, 30, 1, '150.00'),
(1510, 1, 30, 2, '193.50'),
(1510, 1, 30, 3, '253.50'),
(1510, 1, 30, 4, '303.00'),
(1510, 1, 30, 5, '370.50'),
(1510, 1, 31, 1, '117.00'),
(1510, 1, 31, 2, '156.00'),
(1510, 1, 31, 3, '201.00'),
(1510, 1, 31, 4, '253.00'),
(1510, 1, 31, 5, '312.50'),
(1510, 1, 32, 1, '108.00'),
(1510, 1, 32, 2, '145.00'),
(1510, 1, 32, 3, '187.50'),
(1510, 1, 32, 4, '237.00'),
(1510, 1, 32, 5, '294.00'),
(1510, 1, 33, 1, '98.50'),
(1510, 1, 33, 2, '131.00'),
(1510, 1, 33, 3, '173.00'),
(1510, 1, 33, 4, '220.00'),
(1510, 1, 33, 5, '274.50'),
(1510, 1, 34, 1, '84.00'),
(1510, 1, 34, 2, '118.50'),
(1510, 1, 34, 3, '157.50'),
(1510, 1, 34, 4, '204.00'),
(1510, 1, 34, 5, '255.00'),
(1510, 1, 35, 1, '73.50'),
(1510, 1, 35, 2, '106.00'),
(1510, 1, 35, 3, '143.50'),
(1510, 1, 35, 4, '186.50'),
(1510, 1, 35, 5, '236.50'),
(1510, 1, 36, 1, '67.50'),
(1510, 1, 36, 2, '97.50'),
(1510, 1, 36, 3, '133.50'),
(1510, 1, 36, 4, '174.00'),
(1510, 1, 36, 5, '222.00'),
(1510, 1, 37, 1, '56.00'),
(1510, 1, 37, 2, '86.00'),
(1510, 1, 37, 3, '120.50'),
(1510, 1, 37, 4, '160.00'),
(1510, 1, 37, 5, '205.50'),
(1510, 1, 38, 1, '49.50'),
(1510, 1, 38, 2, '99.00'),
(1510, 1, 38, 3, '112.50'),
(1510, 1, 38, 4, '150.00'),
(1510, 1, 38, 5, '195.00'),
(1510, 1, 39, 1, '43.00'),
(1510, 1, 39, 2, '71.00'),
(1510, 1, 39, 3, '103.50'),
(1510, 1, 39, 4, '140.00'),
(1510, 1, 39, 5, '182.50'),
(1510, 1, 40, 1, '37.50'),
(1510, 1, 40, 2, '67.50'),
(1510, 1, 40, 3, '97.50'),
(1510, 1, 40, 4, '130.50'),
(1510, 1, 40, 5, '172.50'),
(1510, 1, 41, 1, '30.00'),
(1510, 1, 41, 2, '56.00'),
(1510, 1, 41, 3, '86.00'),
(1510, 1, 41, 4, '120.50'),
(1510, 1, 41, 5, '160.00'),
(1511, 1, 26, 1, '300.00'),
(1511, 1, 26, 2, '450.00'),
(1511, 1, 26, 3, '650.00'),
(1511, 1, 26, 4, '980.00'),
(1511, 1, 26, 5, '1500.00'),
(1511, 1, 27, 1, '150.00'),
(1511, 1, 27, 2, '225.00'),
(1511, 1, 27, 3, '325.00'),
(1511, 1, 27, 4, '490.00'),
(1511, 1, 27, 5, '750.00'),
(1511, 1, 28, 1, '82.50'),
(1511, 1, 28, 2, '102.00'),
(1511, 1, 28, 3, '124.50'),
(1511, 1, 28, 4, '150.50'),
(1511, 1, 28, 5, '180.50'),
(1511, 1, 29, 1, '61.00'),
(1511, 1, 29, 2, '77.50'),
(1511, 1, 29, 3, '96.00'),
(1511, 1, 29, 4, '117.50'),
(1511, 1, 29, 5, '142.00'),
(1511, 1, 30, 1, '50.00'),
(1511, 1, 30, 2, '64.50'),
(1511, 1, 30, 3, '81.50'),
(1511, 1, 30, 4, '100.00'),
(1511, 1, 30, 5, '123.00'),
(1511, 1, 31, 1, '39.00'),
(1511, 1, 31, 2, '52.00'),
(1511, 1, 31, 3, '67.00'),
(1511, 1, 31, 4, '84.50'),
(1511, 1, 31, 5, '104.50'),
(1511, 1, 32, 1, '35.50'),
(1511, 1, 32, 2, '48.00'),
(1511, 1, 32, 3, '62.50'),
(1511, 1, 32, 4, '79.00'),
(1511, 1, 32, 5, '98.00'),
(1511, 1, 33, 1, '32.00'),
(1511, 1, 33, 2, '43.50'),
(1511, 1, 33, 3, '57.50'),
(1511, 1, 33, 4, '73.50'),
(1511, 1, 33, 5, '91.50'),
(1511, 1, 34, 1, '28.00'),
(1511, 1, 34, 2, '39.50'),
(1511, 1, 34, 3, '52.50'),
(1511, 1, 34, 4, '68.00'),
(1511, 1, 34, 5, '85.00'),
(1511, 1, 35, 1, '24.50'),
(1511, 1, 35, 2, '35.70'),
(1511, 1, 35, 3, '48.00'),
(1511, 1, 35, 4, '62.50'),
(1511, 1, 35, 5, '79.00'),
(1511, 1, 36, 1, '21.50'),
(1511, 1, 36, 2, '32.00'),
(1511, 1, 36, 3, '44.00'),
(1511, 1, 36, 4, '58.00'),
(1511, 1, 36, 5, '74.00'),
(1511, 1, 37, 1, '18.50'),
(1511, 1, 37, 2, '28.50'),
(1511, 1, 37, 3, '40.00'),
(1511, 1, 37, 4, '53.50'),
(1511, 1, 37, 5, '68.50'),
(1511, 1, 38, 1, '16.50'),
(1511, 1, 38, 2, '33.00'),
(1511, 1, 38, 3, '37.50'),
(1511, 1, 38, 4, '50.00'),
(1511, 1, 38, 5, '65.00'),
(1511, 1, 39, 1, '14.50'),
(1511, 1, 39, 2, '23.50'),
(1511, 1, 39, 3, '34.50'),
(1511, 1, 39, 4, '46.50'),
(1511, 1, 39, 5, '61.00'),
(1511, 1, 40, 1, '12.50'),
(1511, 1, 40, 2, '21.50'),
(1511, 1, 40, 3, '31.50'),
(1511, 1, 40, 4, '43.50'),
(1511, 1, 40, 5, '57.00'),
(1511, 1, 41, 1, '10.00'),
(1511, 1, 41, 2, '19.00'),
(1511, 1, 41, 3, '28.50'),
(1511, 1, 41, 4, '40.00'),
(1511, 1, 41, 5, '53.50');

-- --------------------------------------------------------

--
-- Estructura de tabla para la tabla `ropa`
--

CREATE TABLE IF NOT EXISTS `ropa` (
  `idItem` bigint(20) unsigned NOT NULL,
  `descripcion` text,
  `precio` decimal(10,2) unsigned DEFAULT NULL,
  `marca` varchar(50) NOT NULL
) ENGINE=InnoDB DEFAULT CHARSET=utf8;

--
-- Volcado de datos para la tabla `ropa`
--

INSERT INTO `ropa` (`idItem`, `descripcion`, `precio`, `marca`) VALUES
(1298, 'Rem.Unisex Blanco', '120.00', 'Speedway'),
(1299, 'Rem.Unisex Negro', '144.00', 'Speedway'),
(1300, 'Rem.Unisex Gris Claro', '144.00', 'Speedway'),
(1301, 'Rem.Unisex Gris Oscuro', '144.00', 'Speedway'),
(1302, 'Rem.Unisex Beige', '144.00', 'Speedway'),
(1303, 'Rem.Unisex A. Francia', '144.00', 'Speedway'),
(1304, 'Rem.Unisex A. Marino', '144.00', 'Speedway'),
(1305, 'Rem.Unisex A. Piedra', '144.00', 'Speedway'),
(1306, 'Rem.Unisex Celeste', '144.00', 'Speedway'),
(1307, 'Rem.Unisex Bordo', '144.00', 'Speedway'),
(1308, 'Rem.Unisex Rojo', '144.00', 'Speedway'),
(1309, 'Rem.Unisex Naranja', '144.00', 'Speedway'),
(1310, 'Rem.Unisex Amarillo', '144.00', 'Speedway'),
(1311, 'Rem.Unisex V. Ingles', '144.00', 'Speedway'),
(1312, 'Rem.Unisex V. Benetton', '144.00', 'Speedway'),
(1313, 'Rem.Unisex V. Manzana', '144.00', 'Speedway'),
(1314, 'Rem.Unisex V. Militar', '144.00', 'Speedway'),
(1315, 'R. Unisex V Blanca', '115.00', 'Speedway'),
(1316, 'R. Unisex V Negra', '125.00', 'Speedway'),
(1317, 'R. Unisex V Gris Claro', '125.00', 'Speedway'),
(1318, 'R. Unisex V Uva', '125.00', 'Speedway'),
(1319, 'R. Unisex V Azul Francia', '125.00', 'Speedway'),
(1320, 'R. Unisex V Azul Marino', '125.00', 'Speedway'),
(1321, 'Rem. Dama Blanco', '124.00', 'Speedway'),
(1322, 'Rem. Dama Negra', '124.00', 'Speedway'),
(1323, 'Rem. Dama Verde Manz.', '124.00', 'Speedway'),
(1324, 'R. Dama V Blanca', '160.00', 'Speedway'),
(1325, 'R. Dama V Negra', '160.00', 'Speedway'),
(1326, 'R. Dama V Violeta', '160.00', 'Speedway'),
(1327, 'R. Dama V Fucsia', '160.00', 'Speedway'),
(1328, 'R. Dama V Turquesa', '160.00', 'Speedway'),
(1329, 'Polo Unisex Blanca', '224.00', 'Speedway'),
(1330, 'Polo Unisex Negra', '244.00', 'Speedway'),
(1331, 'Polo Unisex Gris Claro', '244.00', 'Speedway'),
(1332, 'Polo Unisex A. Marino', '244.00', 'Speedway'),
(1333, 'Polo Unisex Rojo', '244.00', 'Speedway'),
(1334, 'Polo Dama Blanca', '169.00', 'Speedway'),
(1335, 'Polo Dama Negra', '169.00', 'Speedway'),
(1336, 'Polo Dama Roja', '169.00', 'Speedway'),
(1337, 'Polo Dama Violeta', '169.00', 'Speedway'),
(1338, 'Rem.Dry Blanco', '120.00', 'Speedway'),
(1339, 'Rem.Dry Negro', '144.00', 'Speedway'),
(1340, 'Rem.Dry A. Francia', '144.00', 'Speedway'),
(1341, 'Rem.Dry Rojo', '144.00', 'Speedway'),
(1342, 'Rem.Dry Naranja', '144.00', 'Speedway'),
(1343, 'Rem.Dry Amarillo', '144.00', 'Speedway'),
(1344, 'Rem.Dry V. Manzana', '144.00', 'Speedway'),
(1345, 'Musc.Unisex Blanco', '134.00', 'Speedway'),
(1346, 'Musc.Unisex Negro', '134.00', 'Speedway'),
(1347, 'Musc.Dama Blanco', '124.00', 'Speedway'),
(1348, 'Musc.Dama Negro', '124.00', 'Speedway'),
(1349, 'Rem. Niño Blanco', '100.00', 'Speedway'),
(1350, 'Rem. Niño Negro', '110.00', 'Speedway'),
(1351, 'Rem. Niño A. Francia', '110.00', 'Speedway'),
(1352, 'Rem. Niño A. Marino', '110.00', 'Speedway'),
(1353, 'Rem. Niño Rojo', '110.00', 'Speedway'),
(1354, 'Rem. Niño Amarillo', '110.00', 'Speedway'),
(1355, 'Rem. Niño Verde Ingles', '110.00', 'Speedway'),
(1356, 'Rem. Niño Violeta', '110.00', 'Speedway'),
(1357, 'Rem. Niño Naranja', '110.00', 'Speedway'),
(1358, 'Rem.DryNiño Blanco', '104.00', 'Speedway'),
(1359, 'Polo Niño Blanco', '189.00', 'Speedway'),
(1360, 'Polo Niño Negro', '199.00', 'Speedway'),
(1361, 'Polo Niño A. Marino', '199.00', 'Speedway'),
(1362, 'Rem.Unisex Blanco', '115.00', 'Yazbek'),
(1363, 'Rem.Unisex Negro', '126.00', 'Yazbek'),
(1364, 'Rem.Unisex Gris Claro', '126.00', 'Yazbek'),
(1365, 'Rem.Unisex Gris Oscuro', '126.00', 'Yazbek'),
(1366, 'Rem.Unisex Beige', '126.00', 'Yazbek'),
(1367, 'Rem.Unisex Arena', '126.00', 'Yazbek'),
(1368, 'Rem.Unisex A. Francia', '126.00', 'Yazbek'),
(1369, 'Rem.Unisex A. Marino', '126.00', 'Yazbek'),
(1370, 'Rem.Unisex Turquesa', '126.00', 'Yazbek'),
(1371, 'Rem.Unisex Celeste', '126.00', 'Yazbek'),
(1372, 'Rem.Unisex Rojo', '126.00', 'Yazbek'),
(1373, 'Rem.Unisex Naranja', '126.00', 'Yazbek'),
(1374, 'Rem.Unisex Amarillo', '126.00', 'Yazbek'),
(1375, 'Rem.Unisex V. Italia', '126.00', 'Yazbek'),
(1376, 'Rem.Unisex V. Manzana', '126.00', 'Yazbek'),
(1377, 'Rem.Unisex Violeta', '126.00', 'Yazbek'),
(1378, 'Rem. Dama Blanco', '126.00', 'Yazbek'),
(1379, 'Rem. Dama Negra', '126.00', 'Yazbek'),
(1380, 'Rem. Dama Roja', '126.00', 'Yazbek'),
(1381, 'Rem. Dama Turquesa', '126.00', 'Yazbek'),
(1382, 'Rem. Dama Fucsia', '126.00', 'Yazbek'),
(1383, 'Rem. Dama Violeta', '126.00', 'Yazbek'),
(1384, 'Musc.Unisex Negra', '126.00', 'Yazbek'),
(1385, 'Musc.Unisex Blanca', '126.00', 'Yazbek'),
(1386, 'Musc.Unisex A.Marino', '126.00', 'Yazbek'),
(1387, 'Musc.Dama Negra', '120.00', 'Yazbek'),
(1388, 'Musc.Dama Blanca', '120.00', 'Yazbek'),
(1389, 'Musc.Dama Rojo', '120.00', 'Yazbek'),
(1390, 'Polo Unisex Blanca', '220.00', 'Yazbek'),
(1391, 'Polo Unisex Negra', '220.00', 'Yazbek'),
(1392, 'Polo Unisex Gris Claro', '220.00', 'Yazbek'),
(1393, 'Polo Unisex A. Marino', '220.00', 'Yazbek'),
(1394, 'Polo Unisex A. Francia', '220.00', 'Yazbek'),
(1395, 'Polo Unisex Rojo', '220.00', 'Yazbek'),
(1396, 'Polo Unisex V. Italia', '220.00', 'Yazbek'),
(1397, 'Polo Unisex Naranja', '220.00', 'Yazbek'),
(1398, 'Polo Unisex Beige', '220.00', 'Yazbek'),
(1399, 'Polo Unisex Celeste', '220.00', 'Yazbek'),
(1400, 'Polo Dama Blanco', '220.00', 'Yazbek'),
(1401, 'Polo Dama Negro', '220.00', 'Yazbek'),
(1402, 'Polo Dama Roja', '220.00', 'Yazbek'),
(1403, 'Polo Dama Turquesa', '220.00', 'Yazbek'),
(1404, 'Polo Dama A. Marino', '220.00', 'Yazbek'),
(1405, 'Rem.Bebé Negra', '92.00', 'Yazbek'),
(1406, 'Rem.Bebé Blanca', '92.00', 'Yazbek'),
(1407, 'Rem.Bebé Celeste', '92.00', 'Yazbek'),
(1408, 'Rem.Bebé Roja', '92.00', 'Yazbek'),
(1409, 'Rem.Bebé Rosada', '92.00', 'Yazbek'),
(1410, 'Rem.Bebé Fucsia', '92.00', 'Yazbek'),
(1411, 'Rem.Bebé Amarilla', '92.00', 'Yazbek'),
(1412, 'R.UnisexML Negra', '192.00', 'Yazbek'),
(1413, 'R.UnisexML Blanca', '192.00', 'Yazbek'),
(1414, 'R.UnisexML Roja', '192.00', 'Yazbek'),
(1415, 'R.UnisexML A. Marino', '192.00', 'Yazbek'),
(1416, 'Buzo Felpa A.Marino', '318.00', 'Yazbek'),
(1417, 'Buzo Felpa Gris Claro', '318.00', 'Yazbek'),
(1418, 'B. Canguro Negro', '452.00', 'Yazbek'),
(1419, 'B. Canguro A. Marino', '452.00', 'Yazbek'),
(1420, 'B. Canguro A. Francia', '452.00', 'Yazbek'),
(1421, 'B. Canguro Rojo', '452.00', 'Yazbek'),
(1422, 'B. Canguro Gris Claro', '452.00', 'Yazbek'),
(1423, 'C. Canguro Negro', '488.00', 'Yazbek'),
(1424, 'C. Canguro A.Francia', '488.00', 'Yazbek'),
(1425, 'R.DryUnisex Blanco', '191.00', 'A.Embroidery'),
(1426, 'R.DryUnisex Negro', '191.00', 'A.Embroidery'),
(1427, 'R.DryUnisex A. Marino', '191.00', 'A.Embroidery'),
(1428, 'R.DryUnisex A. Francia', '191.00', 'A.Embroidery'),
(1429, 'R.DryUnisex Naranja', '191.00', 'A.Embroidery'),
(1430, 'R.DryUnisex V. Manzana', '191.00', 'A.Embroidery'),
(1431, 'R.DryDama Blanco', '191.00', 'A.Embroidery'),
(1432, 'R.DryDama Negro', '191.00', 'A.Embroidery'),
(1433, 'R.DryDama A. Marino', '191.00', 'A.Embroidery'),
(1434, 'R.DryDama Violeta', '191.00', 'A.Embroidery'),
(1435, 'R.DryDama Fucsia', '191.00', 'A.Embroidery'),
(1436, 'R.DryDama Naranja fluo', '191.00', 'A.Embroidery'),
(1437, 'R.DryDama Verde Fluo', '191.00', 'A.Embroidery'),
(1438, 'R.DryNiño Blanco', '154.00', 'A.Embroidery'),
(1439, 'R.DryNiño Negro', '154.00', 'A.Embroidery'),
(1440, 'R.DryNiño V. Manzana', '154.00', 'A.Embroidery'),
(1441, 'Rem. Niño Negro', '118.00', 'A.Embroidery'),
(1442, 'Rem. Niño Blanco', '118.00', 'A.Embroidery'),
(1443, 'Rem. Niño A. Marino', '118.00', 'A.Embroidery'),
(1444, 'Rem. Niño A. Francia', '118.00', 'A.Embroidery'),
(1445, 'Rem. Niño V. Ingles', '118.00', 'A.Embroidery'),
(1446, 'Rem. Niño V. Manzana', '118.00', 'A.Embroidery'),
(1447, 'Rem. Niño Rojo', '118.00', 'A.Embroidery'),
(1448, 'Rem. Niño Naranja', '118.00', 'A.Embroidery'),
(1449, 'Rem. Niño Amarillo', '118.00', 'A.Embroidery'),
(1450, 'Rem. Niño Caleste', '118.00', 'A.Embroidery'),
(1451, 'Rem. Niño Gris Claro', '118.00', 'A.Embroidery'),
(1452, 'Rem. Dama Negra', '181.00', 'A.Embroidery'),
(1453, 'Rem. Dama Blanca', '181.00', 'A.Embroidery'),
(1454, 'Rem. Dama Fucsia', '181.00', 'A.Embroidery'),
(1455, 'Rem. Dama Gris Clara', '181.00', 'A.Embroidery'),
(1456, 'Rem. Dama A. Piedra', '181.00', 'A.Embroidery'),
(1457, 'Rem. Dama A. Marino', '181.00', 'A.Embroidery'),
(1458, 'R. Dama V Blanca', '181.00', 'A.Embroidery'),
(1459, 'R. Dama V Negra', '181.00', 'A.Embroidery'),
(1460, 'R. Dama V Gris Clara', '181.00', 'A.Embroidery'),
(1461, 'R. Dama V Fucsia', '181.00', 'A.Embroidery'),
(1462, 'R. Dama V A. Piedra', '181.00', 'A.Embroidery'),
(1463, 'R. Unisex V Negra', '110.00', 'A Mucha H.'),
(1464, 'R. Unisex V Blanca', '110.00', 'A Mucha H.'),
(1465, 'R. Unisex V Verde', '110.00', 'A Mucha H.'),
(1466, 'R. Unisex V A. francia', '110.00', 'A Mucha H.'),
(1467, 'R. Unisex V A. Marino', '110.00', 'A Mucha H.'),
(1468, 'R. Unisex V Marròn', '110.00', 'A Mucha H.'),
(1469, 'Body BB Blanco', '135.00', 'A Mucha Honra'),
(1470, 'Delantal Negro', '160.00', 'Algodón'),
(1471, 'Delantal Blanco', '120.00', 'Panamá'),
(1472, 'Delantal Rojo', '120.00', 'Panamá'),
(1473, 'Delantal A. Francia', '120.00', 'Panamá'),
(1474, ' Combinado Negro y Blanco ', '65.00', 'Speedway'),
(1475, 'Gorro Comb. Rojo y B.', '65.00', 'Speedway'),
(1476, 'Gorro Comb. Azul F.y B.', '65.00', 'Speedway'),
(1477, 'Gorro Comb. Azul M.y B.', '65.00', 'Speedway'),
(1478, 'Gorro Comb. Verde y B.', '65.00', 'Speedway'),
(1479, 'Gorro Comb. Azul y Rojo', '65.00', 'Speedway'),
(1480, 'GorroClassic Negro', '39.00', 'Speedway'),
(1481, 'GorroClassic Blanco', '39.00', 'Speedway'),
(1482, 'GorroClassic V. Ingles', '39.00', 'Speedway'),
(1483, 'GorroClassic A. Marino', '39.00', 'Speedway'),
(1484, 'GorroClassic A. Francia', '39.00', 'Speedway'),
(1485, 'GorroClassic Amarillo', '39.00', 'Speedway'),
(1486, 'GorroClassic Naranja', '39.00', 'Speedway'),
(1487, 'GorroClassic Gris claro', '39.00', 'Speedway'),
(1488, 'GorroPremiun Negro', '79.00', 'Speedway'),
(1489, 'GorroPremiun Blanco', '79.00', 'Speedway'),
(1490, 'GorroPremiun Gris Claro', '79.00', 'Speedway'),
(1491, 'GorroPremiun A. Marino', '79.00', 'Speedway'),
(1492, 'GorroPremiun V. Ingles', '79.00', 'Speedway'),
(1493, 'Cuadros A4 Vidrio', '380.00', 'Lamina'),
(1494, 'Cuadros A3 Vidrio', '580.00', 'Lamina'),
(1495, 'Cuadro A3 Tela', '580.00', 'Sublimada'),
(1496, 'Tazas Blancas', '33.00', 'Speedway'),
(1497, 'TazasComb. Roja', '45.00', 'Speedway'),
(1498, 'TazasComb. Negra', '45.00', 'Speedway'),
(1499, 'TazasComb. Verde', '45.00', 'Speedway'),
(1500, 'TazasComb. Azul', '45.00', 'Speedway'),
(1501, 'TazasComb. Celeste', '45.00', 'Speedway'),
(1502, 'TazasComb. Amarilla', '45.00', 'Speedway'),
(1503, 'TazasComb. Naranja', '45.00', 'Speedway'),
(1504, 'TazasComb. V. Manzana', '45.00', 'Speedway'),
(1505, 'TazasMag. Negra', '0.00', 'Speedway'),
(1506, 'Taza Vidr. Transparente', '79.00', 'Speedway');

-- --------------------------------------------------------

--
-- Estructura de tabla para la tabla `serigrafia`
--

CREATE TABLE IF NOT EXISTS `serigrafia` (
  `idItem` bigint(20) unsigned NOT NULL,
  `descripcion` text
) ENGINE=InnoDB DEFAULT CHARSET=utf8;

--
-- Volcado de datos para la tabla `serigrafia`
--

INSERT INTO `serigrafia` (`idItem`, `descripcion`) VALUES
(27, '10x10cm aprox.'),
(58, 'Ubicación'),
(59, 'Ubicación'),
(60, 'Ubicación'),
(1507, 'Ubicación'),
(1508, 'Ubicación'),
(1509, 'Ubicación'),
(1510, 'Ubicación'),
(1511, 'Ubicación'),
(1512, 'Ubicación');

-- --------------------------------------------------------

--
-- Estructura de tabla para la tabla `serigrafiadigital`
--

CREATE TABLE IF NOT EXISTS `serigrafiadigital` (
  `idItem` bigint(20) unsigned NOT NULL,
  `descripcion` text,
  `precio` decimal(10,2) unsigned DEFAULT NULL
) ENGINE=InnoDB DEFAULT CHARSET=utf8;

--
-- Volcado de datos para la tabla `serigrafiadigital`
--

INSERT INTO `serigrafiadigital` (`idItem`, `descripcion`, `precio`) VALUES
(29, 'Impresión fullcolor', '330.00'),
(30, 'Impresion fullcolor', '480.00'),
(38, 'Impresion A3 color claro', '530.00'),
(47, 'Impresion Fullcolor', '680.00'),
(48, 'Impresión Fullcolor', '180.00'),
(49, 'Impresión Fullcolor', '255.00'),
(1513, 'Impresión fullcolor', '230.00'),
(1514, 'Impresion fullcolor', '380.00'),
(1515, 'Impresion A3 color claro', '430.00'),
(1516, 'Impresion fullcolor', '580.00'),
(1517, 'Impresión Fullcolor', '80.00'),
(1518, 'Impresión Fullcolor', '155.00');

-- --------------------------------------------------------

--
-- Estructura de tabla para la tabla `talla`
--

CREATE TABLE IF NOT EXISTS `talla` (
  `idTalla` bigint(20) unsigned NOT NULL,
  `idItem` bigint(20) unsigned DEFAULT NULL,
  `nombre` varchar(45) DEFAULT NULL,
  `adicional` decimal(10,2) DEFAULT NULL
) ENGINE=InnoDB AUTO_INCREMENT=3603 DEFAULT CHARSET=utf8;

--
-- Volcado de datos para la tabla `talla`
--

INSERT INTO `talla` (`idTalla`, `idItem`, `nombre`, `adicional`) VALUES
(18, 1298, 'Talle 2', '0.00'),
(20, 1298, 'Talle 4', '0.00'),
(21, 1298, 'Talle 6', '0.00'),
(22, 1298, 'Talle 8', '0.00'),
(23, 1298, 'Talle 10', '0.00'),
(24, 1298, 'Talle 12', '0.00'),
(25, 1298, 'Talle 14', '0.00'),
(26, 1298, 'Talle 16', '0.00'),
(27, 1298, 'Talle XS', '0.00'),
(28, 1298, 'Talle S', '0.00'),
(29, 1298, 'Talle M', '0.00'),
(30, 1298, 'Talle L', '0.00'),
(31, 1298, 'Talle XL', '0.00'),
(32, 1298, 'Talle XXL', '0.00'),
(34, 1299, 'Talle 2', '0.00'),
(35, 1300, 'Talle 2', '0.00'),
(36, 1301, 'Talle 2', '0.00'),
(37, 1302, 'Talle 2', '0.00'),
(38, 1303, 'Talle 2', '0.00'),
(39, 1304, 'Talle 2', '0.00'),
(40, 1305, 'Talle 2', '0.00'),
(41, 1306, 'Talle 2', '0.00'),
(42, 1307, 'Talle 2', '0.00'),
(43, 1308, 'Talle 2', '0.00'),
(44, 1309, 'Talle 2', '0.00'),
(45, 1310, 'Talle 2', '0.00'),
(46, 1311, 'Talle 2', '0.00'),
(47, 1312, 'Talle 2', '0.00'),
(48, 1313, 'Talle 2', '0.00'),
(49, 1314, 'Talle 2', '0.00'),
(50, 1315, 'Talle 2', '0.00'),
(51, 1316, 'Talle 2', '0.00'),
(52, 1317, 'Talle 2', '0.00'),
(53, 1318, 'Talle 2', '0.00'),
(54, 1319, 'Talle 2', '0.00'),
(55, 1320, 'Talle 2', '0.00'),
(56, 1321, 'Talle 2', '0.00'),
(57, 1322, 'Talle 2', '0.00'),
(58, 1323, 'Talle 2', '0.00'),
(59, 1324, 'Talle 2', '0.00'),
(60, 1325, 'Talle 2', '0.00'),
(61, 1326, 'Talle 2', '0.00'),
(62, 1327, 'Talle 2', '0.00'),
(63, 1328, 'Talle 2', '0.00'),
(64, 1329, 'Talle 2', '0.00'),
(65, 1330, 'Talle 2', '0.00'),
(66, 1331, 'Talle 2', '0.00'),
(67, 1332, 'Talle 2', '0.00'),
(68, 1333, 'Talle 2', '0.00'),
(69, 1334, 'Talle 2', '0.00'),
(70, 1335, 'Talle 2', '0.00'),
(71, 1336, 'Talle 2', '0.00'),
(72, 1337, 'Talle 2', '0.00'),
(73, 1338, 'Talle 2', '0.00'),
(74, 1339, 'Talle 2', '0.00'),
(75, 1340, 'Talle 2', '0.00'),
(76, 1341, 'Talle 2', '0.00'),
(77, 1342, 'Talle 2', '0.00'),
(78, 1343, 'Talle 2', '0.00'),
(79, 1344, 'Talle 2', '0.00'),
(80, 1345, 'Talle 2', '0.00'),
(81, 1346, 'Talle 2', '0.00'),
(82, 1347, 'Talle 2', '0.00'),
(83, 1348, 'Talle 2', '0.00'),
(84, 1349, 'Talle 2', '0.00'),
(85, 1350, 'Talle 2', '0.00'),
(86, 1351, 'Talle 2', '0.00'),
(87, 1352, 'Talle 2', '0.00'),
(88, 1353, 'Talle 2', '0.00'),
(89, 1354, 'Talle 2', '0.00'),
(90, 1355, 'Talle 2', '0.00'),
(91, 1356, 'Talle 2', '0.00'),
(92, 1357, 'Talle 2', '0.00'),
(93, 1358, 'Talle 2', '0.00'),
(94, 1359, 'Talle 2', '0.00'),
(95, 1360, 'Talle 2', '0.00'),
(96, 1361, 'Talle 2', '0.00'),
(97, 1362, 'Talle 2', '0.00'),
(98, 1363, 'Talle 2', '0.00'),
(99, 1364, 'Talle 2', '0.00'),
(100, 1365, 'Talle 2', '0.00'),
(101, 1366, 'Talle 2', '0.00'),
(102, 1367, 'Talle 2', '0.00'),
(103, 1368, 'Talle 2', '0.00'),
(104, 1369, 'Talle 2', '0.00'),
(105, 1370, 'Talle 2', '0.00'),
(106, 1371, 'Talle 2', '0.00'),
(107, 1372, 'Talle 2', '0.00'),
(108, 1373, 'Talle 2', '0.00'),
(109, 1374, 'Talle 2', '0.00'),
(110, 1375, 'Talle 2', '0.00'),
(111, 1376, 'Talle 2', '0.00'),
(112, 1377, 'Talle 2', '0.00'),
(113, 1378, 'Talle 2', '0.00'),
(114, 1379, 'Talle 2', '0.00'),
(115, 1380, 'Talle 2', '0.00'),
(116, 1381, 'Talle 2', '0.00'),
(117, 1382, 'Talle 2', '0.00'),
(118, 1383, 'Talle 2', '0.00'),
(119, 1384, 'Talle 2', '0.00'),
(120, 1385, 'Talle 2', '0.00'),
(121, 1386, 'Talle 2', '0.00'),
(122, 1387, 'Talle 2', '0.00'),
(123, 1388, 'Talle 2', '0.00'),
(124, 1389, 'Talle 2', '0.00'),
(125, 1390, 'Talle 2', '0.00'),
(126, 1391, 'Talle 2', '0.00'),
(127, 1392, 'Talle 2', '0.00'),
(128, 1393, 'Talle 2', '0.00'),
(129, 1394, 'Talle 2', '0.00'),
(130, 1395, 'Talle 2', '0.00'),
(131, 1396, 'Talle 2', '0.00'),
(132, 1397, 'Talle 2', '0.00'),
(133, 1398, 'Talle 2', '0.00'),
(134, 1399, 'Talle 2', '0.00'),
(135, 1400, 'Talle 2', '0.00'),
(136, 1401, 'Talle 2', '0.00'),
(137, 1402, 'Talle 2', '0.00'),
(138, 1403, 'Talle 2', '0.00'),
(139, 1404, 'Talle 2', '0.00'),
(140, 1405, 'Talle 2', '0.00'),
(141, 1406, 'Talle 2', '0.00'),
(142, 1407, 'Talle 2', '0.00'),
(143, 1408, 'Talle 2', '0.00'),
(144, 1409, 'Talle 2', '0.00'),
(145, 1410, 'Talle 2', '0.00'),
(146, 1411, 'Talle 2', '0.00'),
(147, 1412, 'Talle 2', '0.00'),
(148, 1413, 'Talle 2', '0.00'),
(149, 1414, 'Talle 2', '0.00'),
(150, 1415, 'Talle 2', '0.00'),
(151, 1416, 'Talle 2', '0.00'),
(152, 1417, 'Talle 2', '0.00'),
(153, 1418, 'Talle 2', '0.00'),
(154, 1419, 'Talle 2', '0.00'),
(155, 1420, 'Talle 2', '0.00'),
(156, 1421, 'Talle 2', '0.00'),
(157, 1422, 'Talle 2', '0.00'),
(158, 1423, 'Talle 2', '0.00'),
(159, 1424, 'Talle 2', '0.00'),
(160, 1425, 'Talle 2', '0.00'),
(161, 1426, 'Talle 2', '0.00'),
(162, 1427, 'Talle 2', '0.00'),
(163, 1428, 'Talle 2', '0.00'),
(164, 1429, 'Talle 2', '0.00'),
(165, 1430, 'Talle 2', '0.00'),
(166, 1431, 'Talle 2', '0.00'),
(167, 1432, 'Talle 2', '0.00'),
(168, 1433, 'Talle 2', '0.00'),
(169, 1434, 'Talle 2', '0.00'),
(170, 1435, 'Talle 2', '0.00'),
(171, 1436, 'Talle 2', '0.00'),
(172, 1437, 'Talle 2', '0.00'),
(173, 1438, 'Talle 2', '0.00'),
(174, 1439, 'Talle 2', '0.00'),
(175, 1440, 'Talle 2', '0.00'),
(176, 1441, 'Talle 2', '0.00'),
(177, 1442, 'Talle 2', '0.00'),
(178, 1443, 'Talle 2', '0.00'),
(179, 1444, 'Talle 2', '0.00'),
(180, 1445, 'Talle 2', '0.00'),
(181, 1446, 'Talle 2', '0.00'),
(182, 1447, 'Talle 2', '0.00'),
(183, 1448, 'Talle 2', '0.00'),
(184, 1449, 'Talle 2', '0.00'),
(185, 1450, 'Talle 2', '0.00'),
(186, 1451, 'Talle 2', '0.00'),
(187, 1452, 'Talle 2', '0.00'),
(188, 1453, 'Talle 2', '0.00'),
(189, 1454, 'Talle 2', '0.00'),
(190, 1455, 'Talle 2', '0.00'),
(191, 1456, 'Talle 2', '0.00'),
(192, 1457, 'Talle 2', '0.00'),
(193, 1458, 'Talle 2', '0.00'),
(194, 1459, 'Talle 2', '0.00'),
(195, 1460, 'Talle 2', '0.00'),
(196, 1461, 'Talle 2', '0.00'),
(197, 1462, 'Talle 2', '0.00'),
(198, 1463, 'Talle 2', '0.00'),
(199, 1464, 'Talle 2', '0.00'),
(200, 1465, 'Talle 2', '0.00'),
(201, 1466, 'Talle 2', '0.00'),
(202, 1467, 'Talle 2', '0.00'),
(203, 1468, 'Talle 2', '0.00'),
(204, 1469, 'Talle 2', '0.00'),
(205, 1470, 'Talle 2', '0.00'),
(206, 1471, 'Talle 2', '0.00'),
(207, 1472, 'Talle 2', '0.00'),
(208, 1473, 'Talle 2', '0.00'),
(209, 1474, 'Talle 2', '0.00'),
(210, 1475, 'Talle 2', '0.00'),
(211, 1476, 'Talle 2', '0.00'),
(212, 1477, 'Talle 2', '0.00'),
(213, 1478, 'Talle 2', '0.00'),
(214, 1479, 'Talle 2', '0.00'),
(215, 1480, 'Talle 2', '0.00'),
(216, 1481, 'Talle 2', '0.00'),
(217, 1482, 'Talle 2', '0.00'),
(218, 1483, 'Talle 2', '0.00'),
(219, 1484, 'Talle 2', '0.00'),
(220, 1485, 'Talle 2', '0.00'),
(221, 1486, 'Talle 2', '0.00'),
(222, 1487, 'Talle 2', '0.00'),
(223, 1488, 'Talle 2', '0.00'),
(224, 1489, 'Talle 2', '0.00'),
(225, 1490, 'Talle 2', '0.00'),
(226, 1491, 'Talle 2', '0.00'),
(227, 1492, 'Talle 2', '0.00'),
(228, 1493, 'Talle 2', '0.00'),
(229, 1494, 'Talle 2', '0.00'),
(230, 1495, 'Talle 2', '0.00'),
(231, 1496, 'Talle 2', '0.00'),
(232, 1497, 'Talle 2', '0.00'),
(233, 1498, 'Talle 2', '0.00'),
(234, 1499, 'Talle 2', '0.00'),
(235, 1500, 'Talle 2', '0.00'),
(236, 1501, 'Talle 2', '0.00'),
(237, 1502, 'Talle 2', '0.00'),
(238, 1503, 'Talle 2', '0.00'),
(239, 1504, 'Talle 2', '0.00'),
(240, 1505, 'Talle 2', '0.00'),
(241, 1506, 'Talle 2', '0.00'),
(289, 1299, 'Talle 4', '0.00'),
(290, 1300, 'Talle 4', '0.00'),
(291, 1301, 'Talle 4', '0.00'),
(292, 1302, 'Talle 4', '0.00'),
(293, 1303, 'Talle 4', '0.00'),
(294, 1304, 'Talle 4', '0.00'),
(295, 1305, 'Talle 4', '0.00'),
(296, 1306, 'Talle 4', '0.00'),
(297, 1307, 'Talle 4', '0.00'),
(298, 1308, 'Talle 4', '0.00'),
(299, 1309, 'Talle 4', '0.00'),
(300, 1310, 'Talle 4', '0.00'),
(301, 1311, 'Talle 4', '0.00'),
(302, 1312, 'Talle 4', '0.00'),
(303, 1313, 'Talle 4', '0.00'),
(304, 1314, 'Talle 4', '0.00'),
(305, 1315, 'Talle 4', '0.00'),
(306, 1316, 'Talle 4', '0.00'),
(307, 1317, 'Talle 4', '0.00'),
(308, 1318, 'Talle 4', '0.00'),
(309, 1319, 'Talle 4', '0.00'),
(310, 1320, 'Talle 4', '0.00'),
(311, 1321, 'Talle 4', '0.00'),
(312, 1322, 'Talle 4', '0.00'),
(313, 1323, 'Talle 4', '0.00'),
(314, 1324, 'Talle 4', '0.00'),
(315, 1325, 'Talle 4', '0.00'),
(316, 1326, 'Talle 4', '0.00'),
(317, 1327, 'Talle 4', '0.00'),
(318, 1328, 'Talle 4', '0.00'),
(319, 1329, 'Talle 4', '0.00'),
(320, 1330, 'Talle 4', '0.00'),
(321, 1331, 'Talle 4', '0.00'),
(322, 1332, 'Talle 4', '0.00'),
(323, 1333, 'Talle 4', '0.00'),
(324, 1334, 'Talle 4', '0.00'),
(325, 1335, 'Talle 4', '0.00'),
(326, 1336, 'Talle 4', '0.00'),
(327, 1337, 'Talle 4', '0.00'),
(328, 1338, 'Talle 4', '0.00'),
(329, 1339, 'Talle 4', '0.00'),
(330, 1340, 'Talle 4', '0.00'),
(331, 1341, 'Talle 4', '0.00'),
(332, 1342, 'Talle 4', '0.00'),
(333, 1343, 'Talle 4', '0.00'),
(334, 1344, 'Talle 4', '0.00'),
(335, 1345, 'Talle 4', '0.00'),
(336, 1346, 'Talle 4', '0.00'),
(337, 1347, 'Talle 4', '0.00'),
(338, 1348, 'Talle 4', '0.00'),
(339, 1349, 'Talle 4', '0.00'),
(340, 1350, 'Talle 4', '0.00'),
(341, 1351, 'Talle 4', '0.00'),
(342, 1352, 'Talle 4', '0.00'),
(343, 1353, 'Talle 4', '0.00'),
(344, 1354, 'Talle 4', '0.00'),
(345, 1355, 'Talle 4', '0.00'),
(346, 1356, 'Talle 4', '0.00'),
(347, 1357, 'Talle 4', '0.00'),
(348, 1358, 'Talle 4', '0.00'),
(349, 1359, 'Talle 4', '0.00'),
(350, 1360, 'Talle 4', '0.00'),
(351, 1361, 'Talle 4', '0.00'),
(352, 1362, 'Talle 4', '0.00'),
(353, 1363, 'Talle 4', '0.00'),
(354, 1364, 'Talle 4', '0.00'),
(355, 1365, 'Talle 4', '0.00'),
(356, 1366, 'Talle 4', '0.00'),
(357, 1367, 'Talle 4', '0.00'),
(358, 1368, 'Talle 4', '0.00'),
(359, 1369, 'Talle 4', '0.00'),
(360, 1370, 'Talle 4', '0.00'),
(361, 1371, 'Talle 4', '0.00'),
(362, 1372, 'Talle 4', '0.00'),
(363, 1373, 'Talle 4', '0.00'),
(364, 1374, 'Talle 4', '0.00'),
(365, 1375, 'Talle 4', '0.00'),
(366, 1376, 'Talle 4', '0.00'),
(367, 1377, 'Talle 4', '0.00'),
(368, 1378, 'Talle 4', '0.00'),
(369, 1379, 'Talle 4', '0.00'),
(370, 1380, 'Talle 4', '0.00'),
(371, 1381, 'Talle 4', '0.00'),
(372, 1382, 'Talle 4', '0.00'),
(373, 1383, 'Talle 4', '0.00'),
(374, 1384, 'Talle 4', '0.00'),
(375, 1385, 'Talle 4', '0.00'),
(376, 1386, 'Talle 4', '0.00'),
(377, 1387, 'Talle 4', '0.00'),
(378, 1388, 'Talle 4', '0.00'),
(379, 1389, 'Talle 4', '0.00'),
(380, 1390, 'Talle 4', '0.00'),
(381, 1391, 'Talle 4', '0.00'),
(382, 1392, 'Talle 4', '0.00'),
(383, 1393, 'Talle 4', '0.00'),
(384, 1394, 'Talle 4', '0.00'),
(385, 1395, 'Talle 4', '0.00'),
(386, 1396, 'Talle 4', '0.00'),
(387, 1397, 'Talle 4', '0.00'),
(388, 1398, 'Talle 4', '0.00'),
(389, 1399, 'Talle 4', '0.00'),
(390, 1400, 'Talle 4', '0.00'),
(391, 1401, 'Talle 4', '0.00'),
(392, 1402, 'Talle 4', '0.00'),
(393, 1403, 'Talle 4', '0.00'),
(394, 1404, 'Talle 4', '0.00'),
(395, 1405, 'Talle 4', '0.00'),
(396, 1406, 'Talle 4', '0.00'),
(397, 1407, 'Talle 4', '0.00'),
(398, 1408, 'Talle 4', '0.00'),
(399, 1409, 'Talle 4', '0.00'),
(400, 1410, 'Talle 4', '0.00'),
(401, 1411, 'Talle 4', '0.00'),
(402, 1412, 'Talle 4', '0.00'),
(403, 1413, 'Talle 4', '0.00'),
(404, 1414, 'Talle 4', '0.00'),
(405, 1415, 'Talle 4', '0.00'),
(406, 1416, 'Talle 4', '0.00'),
(407, 1417, 'Talle 4', '0.00'),
(408, 1418, 'Talle 4', '0.00'),
(409, 1419, 'Talle 4', '0.00'),
(410, 1420, 'Talle 4', '0.00'),
(411, 1421, 'Talle 4', '0.00'),
(412, 1422, 'Talle 4', '0.00'),
(413, 1423, 'Talle 4', '0.00'),
(414, 1424, 'Talle 4', '0.00'),
(415, 1425, 'Talle 4', '0.00'),
(416, 1426, 'Talle 4', '0.00'),
(417, 1427, 'Talle 4', '0.00'),
(418, 1428, 'Talle 4', '0.00'),
(419, 1429, 'Talle 4', '0.00'),
(420, 1430, 'Talle 4', '0.00'),
(421, 1431, 'Talle 4', '0.00'),
(422, 1432, 'Talle 4', '0.00'),
(423, 1433, 'Talle 4', '0.00'),
(424, 1434, 'Talle 4', '0.00'),
(425, 1435, 'Talle 4', '0.00'),
(426, 1436, 'Talle 4', '0.00'),
(427, 1437, 'Talle 4', '0.00'),
(428, 1438, 'Talle 4', '0.00'),
(429, 1439, 'Talle 4', '0.00'),
(430, 1440, 'Talle 4', '0.00'),
(431, 1441, 'Talle 4', '0.00'),
(432, 1442, 'Talle 4', '0.00'),
(433, 1443, 'Talle 4', '0.00'),
(434, 1444, 'Talle 4', '0.00'),
(435, 1445, 'Talle 4', '0.00'),
(436, 1446, 'Talle 4', '0.00'),
(437, 1447, 'Talle 4', '0.00'),
(438, 1448, 'Talle 4', '0.00'),
(439, 1449, 'Talle 4', '0.00'),
(440, 1450, 'Talle 4', '0.00'),
(441, 1451, 'Talle 4', '0.00'),
(442, 1452, 'Talle 4', '0.00'),
(443, 1453, 'Talle 4', '0.00'),
(444, 1454, 'Talle 4', '0.00'),
(445, 1455, 'Talle 4', '0.00'),
(446, 1456, 'Talle 4', '0.00'),
(447, 1457, 'Talle 4', '0.00'),
(448, 1458, 'Talle 4', '0.00'),
(449, 1459, 'Talle 4', '0.00'),
(450, 1460, 'Talle 4', '0.00'),
(451, 1461, 'Talle 4', '0.00'),
(452, 1462, 'Talle 4', '0.00'),
(453, 1463, 'Talle 4', '0.00'),
(454, 1464, 'Talle 4', '0.00'),
(455, 1465, 'Talle 4', '0.00'),
(456, 1466, 'Talle 4', '0.00'),
(457, 1467, 'Talle 4', '0.00'),
(458, 1468, 'Talle 4', '0.00'),
(459, 1469, 'Talle 4', '0.00'),
(460, 1470, 'Talle 4', '0.00'),
(461, 1471, 'Talle 4', '0.00'),
(462, 1472, 'Talle 4', '0.00'),
(463, 1473, 'Talle 4', '0.00'),
(464, 1474, 'Talle 4', '0.00'),
(465, 1475, 'Talle 4', '0.00'),
(466, 1476, 'Talle 4', '0.00'),
(467, 1477, 'Talle 4', '0.00'),
(468, 1478, 'Talle 4', '0.00'),
(469, 1479, 'Talle 4', '0.00'),
(470, 1480, 'Talle 4', '0.00'),
(471, 1481, 'Talle 4', '0.00'),
(472, 1482, 'Talle 4', '0.00'),
(473, 1483, 'Talle 4', '0.00'),
(474, 1484, 'Talle 4', '0.00'),
(475, 1485, 'Talle 4', '0.00'),
(476, 1486, 'Talle 4', '0.00'),
(477, 1487, 'Talle 4', '0.00'),
(478, 1488, 'Talle 4', '0.00'),
(479, 1489, 'Talle 4', '0.00'),
(480, 1490, 'Talle 4', '0.00'),
(481, 1491, 'Talle 4', '0.00'),
(482, 1492, 'Talle 4', '0.00'),
(483, 1493, 'Talle 4', '0.00'),
(484, 1494, 'Talle 4', '0.00'),
(485, 1495, 'Talle 4', '0.00'),
(486, 1496, 'Talle 4', '0.00'),
(487, 1497, 'Talle 4', '0.00'),
(488, 1498, 'Talle 4', '0.00'),
(489, 1499, 'Talle 4', '0.00'),
(490, 1500, 'Talle 4', '0.00'),
(491, 1501, 'Talle 4', '0.00'),
(492, 1502, 'Talle 4', '0.00'),
(493, 1503, 'Talle 4', '0.00'),
(494, 1504, 'Talle 4', '0.00'),
(495, 1505, 'Talle 4', '0.00'),
(496, 1506, 'Talle 4', '0.00'),
(544, 1299, 'Talle 6', '0.00'),
(545, 1300, 'Talle 6', '0.00'),
(546, 1301, 'Talle 6', '0.00'),
(547, 1302, 'Talle 6', '0.00'),
(548, 1303, 'Talle 6', '0.00'),
(549, 1304, 'Talle 6', '0.00'),
(550, 1305, 'Talle 6', '0.00'),
(551, 1306, 'Talle 6', '0.00'),
(552, 1307, 'Talle 6', '0.00'),
(553, 1308, 'Talle 6', '0.00'),
(554, 1309, 'Talle 6', '0.00'),
(555, 1310, 'Talle 6', '0.00'),
(556, 1311, 'Talle 6', '0.00'),
(557, 1312, 'Talle 6', '0.00'),
(558, 1313, 'Talle 6', '0.00'),
(559, 1314, 'Talle 6', '0.00'),
(560, 1315, 'Talle 6', '0.00'),
(561, 1316, 'Talle 6', '0.00'),
(562, 1317, 'Talle 6', '0.00'),
(563, 1318, 'Talle 6', '0.00'),
(564, 1319, 'Talle 6', '0.00'),
(565, 1320, 'Talle 6', '0.00'),
(566, 1321, 'Talle 6', '0.00'),
(567, 1322, 'Talle 6', '0.00'),
(568, 1323, 'Talle 6', '0.00'),
(569, 1324, 'Talle 6', '0.00'),
(570, 1325, 'Talle 6', '0.00'),
(571, 1326, 'Talle 6', '0.00'),
(572, 1327, 'Talle 6', '0.00'),
(573, 1328, 'Talle 6', '0.00'),
(574, 1329, 'Talle 6', '0.00'),
(575, 1330, 'Talle 6', '0.00'),
(576, 1331, 'Talle 6', '0.00'),
(577, 1332, 'Talle 6', '0.00'),
(578, 1333, 'Talle 6', '0.00'),
(579, 1334, 'Talle 6', '0.00'),
(580, 1335, 'Talle 6', '0.00'),
(581, 1336, 'Talle 6', '0.00'),
(582, 1337, 'Talle 6', '0.00'),
(583, 1338, 'Talle 6', '0.00'),
(584, 1339, 'Talle 6', '0.00'),
(585, 1340, 'Talle 6', '0.00'),
(586, 1341, 'Talle 6', '0.00'),
(587, 1342, 'Talle 6', '0.00'),
(588, 1343, 'Talle 6', '0.00'),
(589, 1344, 'Talle 6', '0.00'),
(590, 1345, 'Talle 6', '0.00'),
(591, 1346, 'Talle 6', '0.00'),
(592, 1347, 'Talle 6', '0.00'),
(593, 1348, 'Talle 6', '0.00'),
(594, 1349, 'Talle 6', '0.00'),
(595, 1350, 'Talle 6', '0.00'),
(596, 1351, 'Talle 6', '0.00'),
(597, 1352, 'Talle 6', '0.00'),
(598, 1353, 'Talle 6', '0.00'),
(599, 1354, 'Talle 6', '0.00'),
(600, 1355, 'Talle 6', '0.00'),
(601, 1356, 'Talle 6', '0.00'),
(602, 1357, 'Talle 6', '0.00'),
(603, 1358, 'Talle 6', '0.00'),
(604, 1359, 'Talle 6', '0.00'),
(605, 1360, 'Talle 6', '0.00'),
(606, 1361, 'Talle 6', '0.00'),
(607, 1362, 'Talle 6', '0.00'),
(608, 1363, 'Talle 6', '0.00'),
(609, 1364, 'Talle 6', '0.00'),
(610, 1365, 'Talle 6', '0.00'),
(611, 1366, 'Talle 6', '0.00'),
(612, 1367, 'Talle 6', '0.00'),
(613, 1368, 'Talle 6', '0.00'),
(614, 1369, 'Talle 6', '0.00'),
(615, 1370, 'Talle 6', '0.00'),
(616, 1371, 'Talle 6', '0.00'),
(617, 1372, 'Talle 6', '0.00'),
(618, 1373, 'Talle 6', '0.00'),
(619, 1374, 'Talle 6', '0.00'),
(620, 1375, 'Talle 6', '0.00'),
(621, 1376, 'Talle 6', '0.00'),
(622, 1377, 'Talle 6', '0.00'),
(623, 1378, 'Talle 6', '0.00'),
(624, 1379, 'Talle 6', '0.00'),
(625, 1380, 'Talle 6', '0.00'),
(626, 1381, 'Talle 6', '0.00'),
(627, 1382, 'Talle 6', '0.00'),
(628, 1383, 'Talle 6', '0.00'),
(629, 1384, 'Talle 6', '0.00'),
(630, 1385, 'Talle 6', '0.00'),
(631, 1386, 'Talle 6', '0.00'),
(632, 1387, 'Talle 6', '0.00'),
(633, 1388, 'Talle 6', '0.00'),
(634, 1389, 'Talle 6', '0.00'),
(635, 1390, 'Talle 6', '0.00'),
(636, 1391, 'Talle 6', '0.00'),
(637, 1392, 'Talle 6', '0.00'),
(638, 1393, 'Talle 6', '0.00'),
(639, 1394, 'Talle 6', '0.00'),
(640, 1395, 'Talle 6', '0.00'),
(641, 1396, 'Talle 6', '0.00'),
(642, 1397, 'Talle 6', '0.00'),
(643, 1398, 'Talle 6', '0.00'),
(644, 1399, 'Talle 6', '0.00'),
(645, 1400, 'Talle 6', '0.00'),
(646, 1401, 'Talle 6', '0.00'),
(647, 1402, 'Talle 6', '0.00'),
(648, 1403, 'Talle 6', '0.00'),
(649, 1404, 'Talle 6', '0.00'),
(650, 1405, 'Talle 6', '0.00'),
(651, 1406, 'Talle 6', '0.00'),
(652, 1407, 'Talle 6', '0.00'),
(653, 1408, 'Talle 6', '0.00'),
(654, 1409, 'Talle 6', '0.00'),
(655, 1410, 'Talle 6', '0.00'),
(656, 1411, 'Talle 6', '0.00'),
(657, 1412, 'Talle 6', '0.00'),
(658, 1413, 'Talle 6', '0.00'),
(659, 1414, 'Talle 6', '0.00'),
(660, 1415, 'Talle 6', '0.00'),
(661, 1416, 'Talle 6', '0.00'),
(662, 1417, 'Talle 6', '0.00'),
(663, 1418, 'Talle 6', '0.00'),
(664, 1419, 'Talle 6', '0.00'),
(665, 1420, 'Talle 6', '0.00'),
(666, 1421, 'Talle 6', '0.00'),
(667, 1422, 'Talle 6', '0.00'),
(668, 1423, 'Talle 6', '0.00'),
(669, 1424, 'Talle 6', '0.00'),
(670, 1425, 'Talle 6', '0.00'),
(671, 1426, 'Talle 6', '0.00'),
(672, 1427, 'Talle 6', '0.00'),
(673, 1428, 'Talle 6', '0.00'),
(674, 1429, 'Talle 6', '0.00'),
(675, 1430, 'Talle 6', '0.00'),
(676, 1431, 'Talle 6', '0.00'),
(677, 1432, 'Talle 6', '0.00'),
(678, 1433, 'Talle 6', '0.00'),
(679, 1434, 'Talle 6', '0.00'),
(680, 1435, 'Talle 6', '0.00'),
(681, 1436, 'Talle 6', '0.00'),
(682, 1437, 'Talle 6', '0.00'),
(683, 1438, 'Talle 6', '0.00'),
(684, 1439, 'Talle 6', '0.00'),
(685, 1440, 'Talle 6', '0.00'),
(686, 1441, 'Talle 6', '0.00'),
(687, 1442, 'Talle 6', '0.00'),
(688, 1443, 'Talle 6', '0.00'),
(689, 1444, 'Talle 6', '0.00'),
(690, 1445, 'Talle 6', '0.00'),
(691, 1446, 'Talle 6', '0.00'),
(692, 1447, 'Talle 6', '0.00'),
(693, 1448, 'Talle 6', '0.00'),
(694, 1449, 'Talle 6', '0.00'),
(695, 1450, 'Talle 6', '0.00'),
(696, 1451, 'Talle 6', '0.00'),
(697, 1452, 'Talle 6', '0.00'),
(698, 1453, 'Talle 6', '0.00'),
(699, 1454, 'Talle 6', '0.00'),
(700, 1455, 'Talle 6', '0.00'),
(701, 1456, 'Talle 6', '0.00'),
(702, 1457, 'Talle 6', '0.00'),
(703, 1458, 'Talle 6', '0.00'),
(704, 1459, 'Talle 6', '0.00'),
(705, 1460, 'Talle 6', '0.00'),
(706, 1461, 'Talle 6', '0.00'),
(707, 1462, 'Talle 6', '0.00'),
(708, 1463, 'Talle 6', '0.00'),
(709, 1464, 'Talle 6', '0.00'),
(710, 1465, 'Talle 6', '0.00'),
(711, 1466, 'Talle 6', '0.00'),
(712, 1467, 'Talle 6', '0.00'),
(713, 1468, 'Talle 6', '0.00'),
(714, 1469, 'Talle 6', '0.00'),
(715, 1470, 'Talle 6', '0.00'),
(716, 1471, 'Talle 6', '0.00'),
(717, 1472, 'Talle 6', '0.00'),
(718, 1473, 'Talle 6', '0.00'),
(719, 1474, 'Talle 6', '0.00'),
(720, 1475, 'Talle 6', '0.00'),
(721, 1476, 'Talle 6', '0.00'),
(722, 1477, 'Talle 6', '0.00'),
(723, 1478, 'Talle 6', '0.00'),
(724, 1479, 'Talle 6', '0.00'),
(725, 1480, 'Talle 6', '0.00'),
(726, 1481, 'Talle 6', '0.00'),
(727, 1482, 'Talle 6', '0.00'),
(728, 1483, 'Talle 6', '0.00'),
(729, 1484, 'Talle 6', '0.00'),
(730, 1485, 'Talle 6', '0.00'),
(731, 1486, 'Talle 6', '0.00'),
(732, 1487, 'Talle 6', '0.00'),
(733, 1488, 'Talle 6', '0.00'),
(734, 1489, 'Talle 6', '0.00'),
(735, 1490, 'Talle 6', '0.00'),
(736, 1491, 'Talle 6', '0.00'),
(737, 1492, 'Talle 6', '0.00'),
(738, 1493, 'Talle 6', '0.00'),
(739, 1494, 'Talle 6', '0.00'),
(740, 1495, 'Talle 6', '0.00'),
(741, 1496, 'Talle 6', '0.00'),
(742, 1497, 'Talle 6', '0.00'),
(743, 1498, 'Talle 6', '0.00'),
(744, 1499, 'Talle 6', '0.00'),
(745, 1500, 'Talle 6', '0.00'),
(746, 1501, 'Talle 6', '0.00'),
(747, 1502, 'Talle 6', '0.00'),
(748, 1503, 'Talle 6', '0.00'),
(749, 1504, 'Talle 6', '0.00'),
(750, 1505, 'Talle 6', '0.00'),
(751, 1506, 'Talle 6', '0.00'),
(799, 1299, 'Talle 8', '0.00'),
(800, 1300, 'Talle 8', '0.00'),
(801, 1301, 'Talle 8', '0.00'),
(802, 1302, 'Talle 8', '0.00'),
(803, 1303, 'Talle 8', '0.00'),
(804, 1304, 'Talle 8', '0.00'),
(805, 1305, 'Talle 8', '0.00'),
(806, 1306, 'Talle 8', '0.00'),
(807, 1307, 'Talle 8', '0.00'),
(808, 1308, 'Talle 8', '0.00'),
(809, 1309, 'Talle 8', '0.00'),
(810, 1310, 'Talle 8', '0.00'),
(811, 1311, 'Talle 8', '0.00'),
(812, 1312, 'Talle 8', '0.00'),
(813, 1313, 'Talle 8', '0.00'),
(814, 1314, 'Talle 8', '0.00'),
(815, 1315, 'Talle 8', '0.00'),
(816, 1316, 'Talle 8', '0.00'),
(817, 1317, 'Talle 8', '0.00'),
(818, 1318, 'Talle 8', '0.00'),
(819, 1319, 'Talle 8', '0.00'),
(820, 1320, 'Talle 8', '0.00'),
(821, 1321, 'Talle 8', '0.00'),
(822, 1322, 'Talle 8', '0.00'),
(823, 1323, 'Talle 8', '0.00'),
(824, 1324, 'Talle 8', '0.00'),
(825, 1325, 'Talle 8', '0.00'),
(826, 1326, 'Talle 8', '0.00'),
(827, 1327, 'Talle 8', '0.00'),
(828, 1328, 'Talle 8', '0.00'),
(829, 1329, 'Talle 8', '0.00'),
(830, 1330, 'Talle 8', '0.00'),
(831, 1331, 'Talle 8', '0.00'),
(832, 1332, 'Talle 8', '0.00'),
(833, 1333, 'Talle 8', '0.00'),
(834, 1334, 'Talle 8', '0.00'),
(835, 1335, 'Talle 8', '0.00'),
(836, 1336, 'Talle 8', '0.00'),
(837, 1337, 'Talle 8', '0.00'),
(838, 1338, 'Talle 8', '0.00'),
(839, 1339, 'Talle 8', '0.00'),
(840, 1340, 'Talle 8', '0.00'),
(841, 1341, 'Talle 8', '0.00'),
(842, 1342, 'Talle 8', '0.00'),
(843, 1343, 'Talle 8', '0.00'),
(844, 1344, 'Talle 8', '0.00'),
(845, 1345, 'Talle 8', '0.00'),
(846, 1346, 'Talle 8', '0.00'),
(847, 1347, 'Talle 8', '0.00'),
(848, 1348, 'Talle 8', '0.00'),
(849, 1349, 'Talle 8', '0.00'),
(850, 1350, 'Talle 8', '0.00'),
(851, 1351, 'Talle 8', '0.00'),
(852, 1352, 'Talle 8', '0.00'),
(853, 1353, 'Talle 8', '0.00'),
(854, 1354, 'Talle 8', '0.00'),
(855, 1355, 'Talle 8', '0.00'),
(856, 1356, 'Talle 8', '0.00'),
(857, 1357, 'Talle 8', '0.00'),
(858, 1358, 'Talle 8', '0.00'),
(859, 1359, 'Talle 8', '0.00'),
(860, 1360, 'Talle 8', '0.00'),
(861, 1361, 'Talle 8', '0.00'),
(862, 1362, 'Talle 8', '0.00'),
(863, 1363, 'Talle 8', '0.00'),
(864, 1364, 'Talle 8', '0.00'),
(865, 1365, 'Talle 8', '0.00'),
(866, 1366, 'Talle 8', '0.00'),
(867, 1367, 'Talle 8', '0.00'),
(868, 1368, 'Talle 8', '0.00'),
(869, 1369, 'Talle 8', '0.00'),
(870, 1370, 'Talle 8', '0.00'),
(871, 1371, 'Talle 8', '0.00'),
(872, 1372, 'Talle 8', '0.00'),
(873, 1373, 'Talle 8', '0.00'),
(874, 1374, 'Talle 8', '0.00'),
(875, 1375, 'Talle 8', '0.00'),
(876, 1376, 'Talle 8', '0.00'),
(877, 1377, 'Talle 8', '0.00'),
(878, 1378, 'Talle 8', '0.00'),
(879, 1379, 'Talle 8', '0.00'),
(880, 1380, 'Talle 8', '0.00'),
(881, 1381, 'Talle 8', '0.00'),
(882, 1382, 'Talle 8', '0.00'),
(883, 1383, 'Talle 8', '0.00'),
(884, 1384, 'Talle 8', '0.00'),
(885, 1385, 'Talle 8', '0.00'),
(886, 1386, 'Talle 8', '0.00'),
(887, 1387, 'Talle 8', '0.00'),
(888, 1388, 'Talle 8', '0.00'),
(889, 1389, 'Talle 8', '0.00'),
(890, 1390, 'Talle 8', '0.00'),
(891, 1391, 'Talle 8', '0.00'),
(892, 1392, 'Talle 8', '0.00'),
(893, 1393, 'Talle 8', '0.00'),
(894, 1394, 'Talle 8', '0.00'),
(895, 1395, 'Talle 8', '0.00'),
(896, 1396, 'Talle 8', '0.00'),
(897, 1397, 'Talle 8', '0.00'),
(898, 1398, 'Talle 8', '0.00'),
(899, 1399, 'Talle 8', '0.00'),
(900, 1400, 'Talle 8', '0.00'),
(901, 1401, 'Talle 8', '0.00'),
(902, 1402, 'Talle 8', '0.00'),
(903, 1403, 'Talle 8', '0.00'),
(904, 1404, 'Talle 8', '0.00'),
(905, 1405, 'Talle 8', '0.00'),
(906, 1406, 'Talle 8', '0.00'),
(907, 1407, 'Talle 8', '0.00'),
(908, 1408, 'Talle 8', '0.00'),
(909, 1409, 'Talle 8', '0.00'),
(910, 1410, 'Talle 8', '0.00'),
(911, 1411, 'Talle 8', '0.00'),
(912, 1412, 'Talle 8', '0.00'),
(913, 1413, 'Talle 8', '0.00'),
(914, 1414, 'Talle 8', '0.00'),
(915, 1415, 'Talle 8', '0.00'),
(916, 1416, 'Talle 8', '0.00'),
(917, 1417, 'Talle 8', '0.00'),
(918, 1418, 'Talle 8', '0.00'),
(919, 1419, 'Talle 8', '0.00'),
(920, 1420, 'Talle 8', '0.00'),
(921, 1421, 'Talle 8', '0.00'),
(922, 1422, 'Talle 8', '0.00'),
(923, 1423, 'Talle 8', '0.00'),
(924, 1424, 'Talle 8', '0.00'),
(925, 1425, 'Talle 8', '0.00'),
(926, 1426, 'Talle 8', '0.00'),
(927, 1427, 'Talle 8', '0.00'),
(928, 1428, 'Talle 8', '0.00'),
(929, 1429, 'Talle 8', '0.00'),
(930, 1430, 'Talle 8', '0.00'),
(931, 1431, 'Talle 8', '0.00'),
(932, 1432, 'Talle 8', '0.00'),
(933, 1433, 'Talle 8', '0.00'),
(934, 1434, 'Talle 8', '0.00'),
(935, 1435, 'Talle 8', '0.00'),
(936, 1436, 'Talle 8', '0.00'),
(937, 1437, 'Talle 8', '0.00'),
(938, 1438, 'Talle 8', '0.00'),
(939, 1439, 'Talle 8', '0.00'),
(940, 1440, 'Talle 8', '0.00'),
(941, 1441, 'Talle 8', '0.00'),
(942, 1442, 'Talle 8', '0.00'),
(943, 1443, 'Talle 8', '0.00'),
(944, 1444, 'Talle 8', '0.00'),
(945, 1445, 'Talle 8', '0.00'),
(946, 1446, 'Talle 8', '0.00'),
(947, 1447, 'Talle 8', '0.00'),
(948, 1448, 'Talle 8', '0.00'),
(949, 1449, 'Talle 8', '0.00'),
(950, 1450, 'Talle 8', '0.00'),
(951, 1451, 'Talle 8', '0.00'),
(952, 1452, 'Talle 8', '0.00'),
(953, 1453, 'Talle 8', '0.00'),
(954, 1454, 'Talle 8', '0.00'),
(955, 1455, 'Talle 8', '0.00'),
(956, 1456, 'Talle 8', '0.00'),
(957, 1457, 'Talle 8', '0.00'),
(958, 1458, 'Talle 8', '0.00'),
(959, 1459, 'Talle 8', '0.00'),
(960, 1460, 'Talle 8', '0.00'),
(961, 1461, 'Talle 8', '0.00'),
(962, 1462, 'Talle 8', '0.00'),
(963, 1463, 'Talle 8', '0.00'),
(964, 1464, 'Talle 8', '0.00'),
(965, 1465, 'Talle 8', '0.00'),
(966, 1466, 'Talle 8', '0.00'),
(967, 1467, 'Talle 8', '0.00'),
(968, 1468, 'Talle 8', '0.00'),
(969, 1469, 'Talle 8', '0.00'),
(970, 1470, 'Talle 8', '0.00'),
(971, 1471, 'Talle 8', '0.00'),
(972, 1472, 'Talle 8', '0.00'),
(973, 1473, 'Talle 8', '0.00'),
(974, 1474, 'Talle 8', '0.00'),
(975, 1475, 'Talle 8', '0.00'),
(976, 1476, 'Talle 8', '0.00'),
(977, 1477, 'Talle 8', '0.00'),
(978, 1478, 'Talle 8', '0.00'),
(979, 1479, 'Talle 8', '0.00'),
(980, 1480, 'Talle 8', '0.00'),
(981, 1481, 'Talle 8', '0.00'),
(982, 1482, 'Talle 8', '0.00'),
(983, 1483, 'Talle 8', '0.00'),
(984, 1484, 'Talle 8', '0.00'),
(985, 1485, 'Talle 8', '0.00'),
(986, 1486, 'Talle 8', '0.00'),
(987, 1487, 'Talle 8', '0.00'),
(988, 1488, 'Talle 8', '0.00'),
(989, 1489, 'Talle 8', '0.00'),
(990, 1490, 'Talle 8', '0.00'),
(991, 1491, 'Talle 8', '0.00'),
(992, 1492, 'Talle 8', '0.00'),
(993, 1493, 'Talle 8', '0.00'),
(994, 1494, 'Talle 8', '0.00'),
(995, 1495, 'Talle 8', '0.00'),
(996, 1496, 'Talle 8', '0.00'),
(997, 1497, 'Talle 8', '0.00'),
(998, 1498, 'Talle 8', '0.00'),
(999, 1499, 'Talle 8', '0.00'),
(1000, 1500, 'Talle 8', '0.00'),
(1001, 1501, 'Talle 8', '0.00'),
(1002, 1502, 'Talle 8', '0.00'),
(1003, 1503, 'Talle 8', '0.00'),
(1004, 1504, 'Talle 8', '0.00'),
(1005, 1505, 'Talle 8', '0.00'),
(1006, 1506, 'Talle 8', '0.00'),
(1054, 1299, 'Talle 10', '0.00'),
(1055, 1300, 'Talle 10', '0.00'),
(1056, 1301, 'Talle 10', '0.00'),
(1057, 1302, 'Talle 10', '0.00'),
(1058, 1303, 'Talle 10', '0.00'),
(1059, 1304, 'Talle 10', '0.00'),
(1060, 1305, 'Talle 10', '0.00'),
(1061, 1306, 'Talle 10', '0.00'),
(1062, 1307, 'Talle 10', '0.00'),
(1063, 1308, 'Talle 10', '0.00'),
(1064, 1309, 'Talle 10', '0.00'),
(1065, 1310, 'Talle 10', '0.00'),
(1066, 1311, 'Talle 10', '0.00'),
(1067, 1312, 'Talle 10', '0.00'),
(1068, 1313, 'Talle 10', '0.00'),
(1069, 1314, 'Talle 10', '0.00'),
(1070, 1315, 'Talle 10', '0.00'),
(1071, 1316, 'Talle 10', '0.00'),
(1072, 1317, 'Talle 10', '0.00'),
(1073, 1318, 'Talle 10', '0.00'),
(1074, 1319, 'Talle 10', '0.00'),
(1075, 1320, 'Talle 10', '0.00'),
(1076, 1321, 'Talle 10', '0.00'),
(1077, 1322, 'Talle 10', '0.00'),
(1078, 1323, 'Talle 10', '0.00'),
(1079, 1324, 'Talle 10', '0.00'),
(1080, 1325, 'Talle 10', '0.00'),
(1081, 1326, 'Talle 10', '0.00'),
(1082, 1327, 'Talle 10', '0.00'),
(1083, 1328, 'Talle 10', '0.00'),
(1084, 1329, 'Talle 10', '0.00'),
(1085, 1330, 'Talle 10', '0.00'),
(1086, 1331, 'Talle 10', '0.00'),
(1087, 1332, 'Talle 10', '0.00'),
(1088, 1333, 'Talle 10', '0.00'),
(1089, 1334, 'Talle 10', '0.00'),
(1090, 1335, 'Talle 10', '0.00'),
(1091, 1336, 'Talle 10', '0.00'),
(1092, 1337, 'Talle 10', '0.00'),
(1093, 1338, 'Talle 10', '0.00'),
(1094, 1339, 'Talle 10', '0.00'),
(1095, 1340, 'Talle 10', '0.00'),
(1096, 1341, 'Talle 10', '0.00'),
(1097, 1342, 'Talle 10', '0.00'),
(1098, 1343, 'Talle 10', '0.00'),
(1099, 1344, 'Talle 10', '0.00'),
(1100, 1345, 'Talle 10', '0.00'),
(1101, 1346, 'Talle 10', '0.00'),
(1102, 1347, 'Talle 10', '0.00'),
(1103, 1348, 'Talle 10', '0.00'),
(1104, 1349, 'Talle 10', '0.00'),
(1105, 1350, 'Talle 10', '0.00'),
(1106, 1351, 'Talle 10', '0.00'),
(1107, 1352, 'Talle 10', '0.00'),
(1108, 1353, 'Talle 10', '0.00'),
(1109, 1354, 'Talle 10', '0.00'),
(1110, 1355, 'Talle 10', '0.00'),
(1111, 1356, 'Talle 10', '0.00'),
(1112, 1357, 'Talle 10', '0.00'),
(1113, 1358, 'Talle 10', '0.00'),
(1114, 1359, 'Talle 10', '0.00'),
(1115, 1360, 'Talle 10', '0.00'),
(1116, 1361, 'Talle 10', '0.00'),
(1117, 1362, 'Talle 10', '0.00'),
(1118, 1363, 'Talle 10', '0.00'),
(1119, 1364, 'Talle 10', '0.00'),
(1120, 1365, 'Talle 10', '0.00'),
(1121, 1366, 'Talle 10', '0.00'),
(1122, 1367, 'Talle 10', '0.00'),
(1123, 1368, 'Talle 10', '0.00'),
(1124, 1369, 'Talle 10', '0.00'),
(1125, 1370, 'Talle 10', '0.00'),
(1126, 1371, 'Talle 10', '0.00'),
(1127, 1372, 'Talle 10', '0.00'),
(1128, 1373, 'Talle 10', '0.00'),
(1129, 1374, 'Talle 10', '0.00'),
(1130, 1375, 'Talle 10', '0.00'),
(1131, 1376, 'Talle 10', '0.00'),
(1132, 1377, 'Talle 10', '0.00'),
(1133, 1378, 'Talle 10', '0.00'),
(1134, 1379, 'Talle 10', '0.00'),
(1135, 1380, 'Talle 10', '0.00'),
(1136, 1381, 'Talle 10', '0.00'),
(1137, 1382, 'Talle 10', '0.00'),
(1138, 1383, 'Talle 10', '0.00'),
(1139, 1384, 'Talle 10', '0.00'),
(1140, 1385, 'Talle 10', '0.00'),
(1141, 1386, 'Talle 10', '0.00'),
(1142, 1387, 'Talle 10', '0.00'),
(1143, 1388, 'Talle 10', '0.00'),
(1144, 1389, 'Talle 10', '0.00'),
(1145, 1390, 'Talle 10', '0.00'),
(1146, 1391, 'Talle 10', '0.00'),
(1147, 1392, 'Talle 10', '0.00'),
(1148, 1393, 'Talle 10', '0.00'),
(1149, 1394, 'Talle 10', '0.00'),
(1150, 1395, 'Talle 10', '0.00'),
(1151, 1396, 'Talle 10', '0.00'),
(1152, 1397, 'Talle 10', '0.00'),
(1153, 1398, 'Talle 10', '0.00'),
(1154, 1399, 'Talle 10', '0.00'),
(1155, 1400, 'Talle 10', '0.00'),
(1156, 1401, 'Talle 10', '0.00'),
(1157, 1402, 'Talle 10', '0.00'),
(1158, 1403, 'Talle 10', '0.00'),
(1159, 1404, 'Talle 10', '0.00'),
(1160, 1405, 'Talle 10', '0.00'),
(1161, 1406, 'Talle 10', '0.00'),
(1162, 1407, 'Talle 10', '0.00'),
(1163, 1408, 'Talle 10', '0.00'),
(1164, 1409, 'Talle 10', '0.00'),
(1165, 1410, 'Talle 10', '0.00'),
(1166, 1411, 'Talle 10', '0.00'),
(1167, 1412, 'Talle 10', '0.00'),
(1168, 1413, 'Talle 10', '0.00'),
(1169, 1414, 'Talle 10', '0.00'),
(1170, 1415, 'Talle 10', '0.00'),
(1171, 1416, 'Talle 10', '0.00'),
(1172, 1417, 'Talle 10', '0.00'),
(1173, 1418, 'Talle 10', '0.00'),
(1174, 1419, 'Talle 10', '0.00'),
(1175, 1420, 'Talle 10', '0.00'),
(1176, 1421, 'Talle 10', '0.00'),
(1177, 1422, 'Talle 10', '0.00'),
(1178, 1423, 'Talle 10', '0.00'),
(1179, 1424, 'Talle 10', '0.00'),
(1180, 1425, 'Talle 10', '0.00'),
(1181, 1426, 'Talle 10', '0.00'),
(1182, 1427, 'Talle 10', '0.00'),
(1183, 1428, 'Talle 10', '0.00'),
(1184, 1429, 'Talle 10', '0.00'),
(1185, 1430, 'Talle 10', '0.00'),
(1186, 1431, 'Talle 10', '0.00'),
(1187, 1432, 'Talle 10', '0.00'),
(1188, 1433, 'Talle 10', '0.00'),
(1189, 1434, 'Talle 10', '0.00'),
(1190, 1435, 'Talle 10', '0.00'),
(1191, 1436, 'Talle 10', '0.00'),
(1192, 1437, 'Talle 10', '0.00'),
(1193, 1438, 'Talle 10', '0.00'),
(1194, 1439, 'Talle 10', '0.00'),
(1195, 1440, 'Talle 10', '0.00'),
(1196, 1441, 'Talle 10', '0.00'),
(1197, 1442, 'Talle 10', '0.00'),
(1198, 1443, 'Talle 10', '0.00'),
(1199, 1444, 'Talle 10', '0.00'),
(1200, 1445, 'Talle 10', '0.00'),
(1201, 1446, 'Talle 10', '0.00'),
(1202, 1447, 'Talle 10', '0.00'),
(1203, 1448, 'Talle 10', '0.00'),
(1204, 1449, 'Talle 10', '0.00'),
(1205, 1450, 'Talle 10', '0.00'),
(1206, 1451, 'Talle 10', '0.00'),
(1207, 1452, 'Talle 10', '0.00'),
(1208, 1453, 'Talle 10', '0.00'),
(1209, 1454, 'Talle 10', '0.00'),
(1210, 1455, 'Talle 10', '0.00'),
(1211, 1456, 'Talle 10', '0.00'),
(1212, 1457, 'Talle 10', '0.00'),
(1213, 1458, 'Talle 10', '0.00'),
(1214, 1459, 'Talle 10', '0.00'),
(1215, 1460, 'Talle 10', '0.00'),
(1216, 1461, 'Talle 10', '0.00'),
(1217, 1462, 'Talle 10', '0.00'),
(1218, 1463, 'Talle 10', '0.00'),
(1219, 1464, 'Talle 10', '0.00'),
(1220, 1465, 'Talle 10', '0.00'),
(1221, 1466, 'Talle 10', '0.00'),
(1222, 1467, 'Talle 10', '0.00'),
(1223, 1468, 'Talle 10', '0.00'),
(1224, 1469, 'Talle 10', '0.00'),
(1225, 1470, 'Talle 10', '0.00'),
(1226, 1471, 'Talle 10', '0.00'),
(1227, 1472, 'Talle 10', '0.00'),
(1228, 1473, 'Talle 10', '0.00'),
(1229, 1474, 'Talle 10', '0.00'),
(1230, 1475, 'Talle 10', '0.00'),
(1231, 1476, 'Talle 10', '0.00'),
(1232, 1477, 'Talle 10', '0.00'),
(1233, 1478, 'Talle 10', '0.00'),
(1234, 1479, 'Talle 10', '0.00'),
(1235, 1480, 'Talle 10', '0.00'),
(1236, 1481, 'Talle 10', '0.00'),
(1237, 1482, 'Talle 10', '0.00'),
(1238, 1483, 'Talle 10', '0.00'),
(1239, 1484, 'Talle 10', '0.00'),
(1240, 1485, 'Talle 10', '0.00'),
(1241, 1486, 'Talle 10', '0.00'),
(1242, 1487, 'Talle 10', '0.00'),
(1243, 1488, 'Talle 10', '0.00'),
(1244, 1489, 'Talle 10', '0.00'),
(1245, 1490, 'Talle 10', '0.00'),
(1246, 1491, 'Talle 10', '0.00'),
(1247, 1492, 'Talle 10', '0.00'),
(1248, 1493, 'Talle 10', '0.00'),
(1249, 1494, 'Talle 10', '0.00'),
(1250, 1495, 'Talle 10', '0.00'),
(1251, 1496, 'Talle 10', '0.00'),
(1252, 1497, 'Talle 10', '0.00'),
(1253, 1498, 'Talle 10', '0.00'),
(1254, 1499, 'Talle 10', '0.00'),
(1255, 1500, 'Talle 10', '0.00'),
(1256, 1501, 'Talle 10', '0.00'),
(1257, 1502, 'Talle 10', '0.00'),
(1258, 1503, 'Talle 10', '0.00'),
(1259, 1504, 'Talle 10', '0.00'),
(1260, 1505, 'Talle 10', '0.00'),
(1261, 1506, 'Talle 10', '0.00'),
(1309, 1299, 'Talle 12', '0.00'),
(1310, 1300, 'Talle 12', '0.00'),
(1311, 1301, 'Talle 12', '0.00'),
(1312, 1302, 'Talle 12', '0.00'),
(1313, 1303, 'Talle 12', '0.00'),
(1314, 1304, 'Talle 12', '0.00'),
(1315, 1305, 'Talle 12', '0.00'),
(1316, 1306, 'Talle 12', '0.00'),
(1317, 1307, 'Talle 12', '0.00'),
(1318, 1308, 'Talle 12', '0.00'),
(1319, 1309, 'Talle 12', '0.00'),
(1320, 1310, 'Talle 12', '0.00'),
(1321, 1311, 'Talle 12', '0.00'),
(1322, 1312, 'Talle 12', '0.00'),
(1323, 1313, 'Talle 12', '0.00'),
(1324, 1314, 'Talle 12', '0.00'),
(1325, 1315, 'Talle 12', '0.00'),
(1326, 1316, 'Talle 12', '0.00'),
(1327, 1317, 'Talle 12', '0.00'),
(1328, 1318, 'Talle 12', '0.00'),
(1329, 1319, 'Talle 12', '0.00'),
(1330, 1320, 'Talle 12', '0.00'),
(1331, 1321, 'Talle 12', '0.00'),
(1332, 1322, 'Talle 12', '0.00'),
(1333, 1323, 'Talle 12', '0.00'),
(1334, 1324, 'Talle 12', '0.00'),
(1335, 1325, 'Talle 12', '0.00'),
(1336, 1326, 'Talle 12', '0.00'),
(1337, 1327, 'Talle 12', '0.00'),
(1338, 1328, 'Talle 12', '0.00'),
(1339, 1329, 'Talle 12', '0.00'),
(1340, 1330, 'Talle 12', '0.00'),
(1341, 1331, 'Talle 12', '0.00'),
(1342, 1332, 'Talle 12', '0.00'),
(1343, 1333, 'Talle 12', '0.00'),
(1344, 1334, 'Talle 12', '0.00'),
(1345, 1335, 'Talle 12', '0.00'),
(1346, 1336, 'Talle 12', '0.00'),
(1347, 1337, 'Talle 12', '0.00'),
(1348, 1338, 'Talle 12', '0.00'),
(1349, 1339, 'Talle 12', '0.00'),
(1350, 1340, 'Talle 12', '0.00'),
(1351, 1341, 'Talle 12', '0.00'),
(1352, 1342, 'Talle 12', '0.00'),
(1353, 1343, 'Talle 12', '0.00'),
(1354, 1344, 'Talle 12', '0.00'),
(1355, 1345, 'Talle 12', '0.00'),
(1356, 1346, 'Talle 12', '0.00'),
(1357, 1347, 'Talle 12', '0.00'),
(1358, 1348, 'Talle 12', '0.00'),
(1359, 1349, 'Talle 12', '0.00'),
(1360, 1350, 'Talle 12', '0.00'),
(1361, 1351, 'Talle 12', '0.00'),
(1362, 1352, 'Talle 12', '0.00'),
(1363, 1353, 'Talle 12', '0.00'),
(1364, 1354, 'Talle 12', '0.00'),
(1365, 1355, 'Talle 12', '0.00'),
(1366, 1356, 'Talle 12', '0.00'),
(1367, 1357, 'Talle 12', '0.00'),
(1368, 1358, 'Talle 12', '0.00'),
(1369, 1359, 'Talle 12', '0.00'),
(1370, 1360, 'Talle 12', '0.00'),
(1371, 1361, 'Talle 12', '0.00'),
(1372, 1362, 'Talle 12', '0.00'),
(1373, 1363, 'Talle 12', '0.00'),
(1374, 1364, 'Talle 12', '0.00'),
(1375, 1365, 'Talle 12', '0.00'),
(1376, 1366, 'Talle 12', '0.00'),
(1377, 1367, 'Talle 12', '0.00'),
(1378, 1368, 'Talle 12', '0.00'),
(1379, 1369, 'Talle 12', '0.00'),
(1380, 1370, 'Talle 12', '0.00'),
(1381, 1371, 'Talle 12', '0.00'),
(1382, 1372, 'Talle 12', '0.00'),
(1383, 1373, 'Talle 12', '0.00'),
(1384, 1374, 'Talle 12', '0.00'),
(1385, 1375, 'Talle 12', '0.00'),
(1386, 1376, 'Talle 12', '0.00'),
(1387, 1377, 'Talle 12', '0.00'),
(1388, 1378, 'Talle 12', '0.00'),
(1389, 1379, 'Talle 12', '0.00'),
(1390, 1380, 'Talle 12', '0.00'),
(1391, 1381, 'Talle 12', '0.00'),
(1392, 1382, 'Talle 12', '0.00'),
(1393, 1383, 'Talle 12', '0.00'),
(1394, 1384, 'Talle 12', '0.00'),
(1395, 1385, 'Talle 12', '0.00'),
(1396, 1386, 'Talle 12', '0.00'),
(1397, 1387, 'Talle 12', '0.00'),
(1398, 1388, 'Talle 12', '0.00'),
(1399, 1389, 'Talle 12', '0.00'),
(1400, 1390, 'Talle 12', '0.00'),
(1401, 1391, 'Talle 12', '0.00'),
(1402, 1392, 'Talle 12', '0.00'),
(1403, 1393, 'Talle 12', '0.00'),
(1404, 1394, 'Talle 12', '0.00'),
(1405, 1395, 'Talle 12', '0.00'),
(1406, 1396, 'Talle 12', '0.00'),
(1407, 1397, 'Talle 12', '0.00'),
(1408, 1398, 'Talle 12', '0.00'),
(1409, 1399, 'Talle 12', '0.00'),
(1410, 1400, 'Talle 12', '0.00'),
(1411, 1401, 'Talle 12', '0.00'),
(1412, 1402, 'Talle 12', '0.00'),
(1413, 1403, 'Talle 12', '0.00'),
(1414, 1404, 'Talle 12', '0.00'),
(1415, 1405, 'Talle 12', '0.00'),
(1416, 1406, 'Talle 12', '0.00'),
(1417, 1407, 'Talle 12', '0.00'),
(1418, 1408, 'Talle 12', '0.00'),
(1419, 1409, 'Talle 12', '0.00'),
(1420, 1410, 'Talle 12', '0.00'),
(1421, 1411, 'Talle 12', '0.00'),
(1422, 1412, 'Talle 12', '0.00'),
(1423, 1413, 'Talle 12', '0.00'),
(1424, 1414, 'Talle 12', '0.00'),
(1425, 1415, 'Talle 12', '0.00'),
(1426, 1416, 'Talle 12', '0.00'),
(1427, 1417, 'Talle 12', '0.00'),
(1428, 1418, 'Talle 12', '0.00'),
(1429, 1419, 'Talle 12', '0.00'),
(1430, 1420, 'Talle 12', '0.00'),
(1431, 1421, 'Talle 12', '0.00'),
(1432, 1422, 'Talle 12', '0.00'),
(1433, 1423, 'Talle 12', '0.00'),
(1434, 1424, 'Talle 12', '0.00'),
(1435, 1425, 'Talle 12', '0.00'),
(1436, 1426, 'Talle 12', '0.00'),
(1437, 1427, 'Talle 12', '0.00'),
(1438, 1428, 'Talle 12', '0.00'),
(1439, 1429, 'Talle 12', '0.00'),
(1440, 1430, 'Talle 12', '0.00'),
(1441, 1431, 'Talle 12', '0.00'),
(1442, 1432, 'Talle 12', '0.00'),
(1443, 1433, 'Talle 12', '0.00'),
(1444, 1434, 'Talle 12', '0.00'),
(1445, 1435, 'Talle 12', '0.00'),
(1446, 1436, 'Talle 12', '0.00'),
(1447, 1437, 'Talle 12', '0.00'),
(1448, 1438, 'Talle 12', '0.00'),
(1449, 1439, 'Talle 12', '0.00'),
(1450, 1440, 'Talle 12', '0.00'),
(1451, 1441, 'Talle 12', '0.00'),
(1452, 1442, 'Talle 12', '0.00'),
(1453, 1443, 'Talle 12', '0.00'),
(1454, 1444, 'Talle 12', '0.00'),
(1455, 1445, 'Talle 12', '0.00'),
(1456, 1446, 'Talle 12', '0.00'),
(1457, 1447, 'Talle 12', '0.00'),
(1458, 1448, 'Talle 12', '0.00'),
(1459, 1449, 'Talle 12', '0.00'),
(1460, 1450, 'Talle 12', '0.00'),
(1461, 1451, 'Talle 12', '0.00'),
(1462, 1452, 'Talle 12', '0.00'),
(1463, 1453, 'Talle 12', '0.00'),
(1464, 1454, 'Talle 12', '0.00'),
(1465, 1455, 'Talle 12', '0.00'),
(1466, 1456, 'Talle 12', '0.00'),
(1467, 1457, 'Talle 12', '0.00'),
(1468, 1458, 'Talle 12', '0.00'),
(1469, 1459, 'Talle 12', '0.00'),
(1470, 1460, 'Talle 12', '0.00'),
(1471, 1461, 'Talle 12', '0.00'),
(1472, 1462, 'Talle 12', '0.00'),
(1473, 1463, 'Talle 12', '0.00'),
(1474, 1464, 'Talle 12', '0.00'),
(1475, 1465, 'Talle 12', '0.00'),
(1476, 1466, 'Talle 12', '0.00'),
(1477, 1467, 'Talle 12', '0.00'),
(1478, 1468, 'Talle 12', '0.00'),
(1479, 1469, 'Talle 12', '0.00'),
(1480, 1470, 'Talle 12', '0.00'),
(1481, 1471, 'Talle 12', '0.00'),
(1482, 1472, 'Talle 12', '0.00'),
(1483, 1473, 'Talle 12', '0.00'),
(1484, 1474, 'Talle 12', '0.00'),
(1485, 1475, 'Talle 12', '0.00'),
(1486, 1476, 'Talle 12', '0.00'),
(1487, 1477, 'Talle 12', '0.00'),
(1488, 1478, 'Talle 12', '0.00'),
(1489, 1479, 'Talle 12', '0.00'),
(1490, 1480, 'Talle 12', '0.00'),
(1491, 1481, 'Talle 12', '0.00'),
(1492, 1482, 'Talle 12', '0.00'),
(1493, 1483, 'Talle 12', '0.00'),
(1494, 1484, 'Talle 12', '0.00'),
(1495, 1485, 'Talle 12', '0.00'),
(1496, 1486, 'Talle 12', '0.00'),
(1497, 1487, 'Talle 12', '0.00'),
(1498, 1488, 'Talle 12', '0.00'),
(1499, 1489, 'Talle 12', '0.00'),
(1500, 1490, 'Talle 12', '0.00'),
(1501, 1491, 'Talle 12', '0.00'),
(1502, 1492, 'Talle 12', '0.00'),
(1503, 1493, 'Talle 12', '0.00'),
(1504, 1494, 'Talle 12', '0.00'),
(1505, 1495, 'Talle 12', '0.00'),
(1506, 1496, 'Talle 12', '0.00'),
(1507, 1497, 'Talle 12', '0.00'),
(1508, 1498, 'Talle 12', '0.00'),
(1509, 1499, 'Talle 12', '0.00'),
(1510, 1500, 'Talle 12', '0.00'),
(1511, 1501, 'Talle 12', '0.00'),
(1512, 1502, 'Talle 12', '0.00'),
(1513, 1503, 'Talle 12', '0.00'),
(1514, 1504, 'Talle 12', '0.00'),
(1515, 1505, 'Talle 12', '0.00'),
(1516, 1506, 'Talle 12', '0.00'),
(1564, 1299, 'Talle 14', '0.00'),
(1565, 1300, 'Talle 14', '0.00'),
(1566, 1301, 'Talle 14', '0.00'),
(1567, 1302, 'Talle 14', '0.00'),
(1568, 1303, 'Talle 14', '0.00'),
(1569, 1304, 'Talle 14', '0.00'),
(1570, 1305, 'Talle 14', '0.00'),
(1571, 1306, 'Talle 14', '0.00'),
(1572, 1307, 'Talle 14', '0.00'),
(1573, 1308, 'Talle 14', '0.00'),
(1574, 1309, 'Talle 14', '0.00'),
(1575, 1310, 'Talle 14', '0.00'),
(1576, 1311, 'Talle 14', '0.00'),
(1577, 1312, 'Talle 14', '0.00'),
(1578, 1313, 'Talle 14', '0.00'),
(1579, 1314, 'Talle 14', '0.00'),
(1580, 1315, 'Talle 14', '0.00'),
(1581, 1316, 'Talle 14', '0.00'),
(1582, 1317, 'Talle 14', '0.00'),
(1583, 1318, 'Talle 14', '0.00'),
(1584, 1319, 'Talle 14', '0.00'),
(1585, 1320, 'Talle 14', '0.00'),
(1586, 1321, 'Talle 14', '0.00'),
(1587, 1322, 'Talle 14', '0.00'),
(1588, 1323, 'Talle 14', '0.00'),
(1589, 1324, 'Talle 14', '0.00'),
(1590, 1325, 'Talle 14', '0.00'),
(1591, 1326, 'Talle 14', '0.00'),
(1592, 1327, 'Talle 14', '0.00'),
(1593, 1328, 'Talle 14', '0.00'),
(1594, 1329, 'Talle 14', '0.00'),
(1595, 1330, 'Talle 14', '0.00'),
(1596, 1331, 'Talle 14', '0.00'),
(1597, 1332, 'Talle 14', '0.00'),
(1598, 1333, 'Talle 14', '0.00'),
(1599, 1334, 'Talle 14', '0.00'),
(1600, 1335, 'Talle 14', '0.00'),
(1601, 1336, 'Talle 14', '0.00'),
(1602, 1337, 'Talle 14', '0.00'),
(1603, 1338, 'Talle 14', '0.00'),
(1604, 1339, 'Talle 14', '0.00'),
(1605, 1340, 'Talle 14', '0.00'),
(1606, 1341, 'Talle 14', '0.00'),
(1607, 1342, 'Talle 14', '0.00'),
(1608, 1343, 'Talle 14', '0.00'),
(1609, 1344, 'Talle 14', '0.00'),
(1610, 1345, 'Talle 14', '0.00'),
(1611, 1346, 'Talle 14', '0.00'),
(1612, 1347, 'Talle 14', '0.00'),
(1613, 1348, 'Talle 14', '0.00'),
(1614, 1349, 'Talle 14', '0.00'),
(1615, 1350, 'Talle 14', '0.00'),
(1616, 1351, 'Talle 14', '0.00'),
(1617, 1352, 'Talle 14', '0.00'),
(1618, 1353, 'Talle 14', '0.00'),
(1619, 1354, 'Talle 14', '0.00'),
(1620, 1355, 'Talle 14', '0.00'),
(1621, 1356, 'Talle 14', '0.00'),
(1622, 1357, 'Talle 14', '0.00'),
(1623, 1358, 'Talle 14', '0.00'),
(1624, 1359, 'Talle 14', '0.00'),
(1625, 1360, 'Talle 14', '0.00'),
(1626, 1361, 'Talle 14', '0.00'),
(1627, 1362, 'Talle 14', '0.00'),
(1628, 1363, 'Talle 14', '0.00'),
(1629, 1364, 'Talle 14', '0.00'),
(1630, 1365, 'Talle 14', '0.00'),
(1631, 1366, 'Talle 14', '0.00'),
(1632, 1367, 'Talle 14', '0.00'),
(1633, 1368, 'Talle 14', '0.00'),
(1634, 1369, 'Talle 14', '0.00'),
(1635, 1370, 'Talle 14', '0.00'),
(1636, 1371, 'Talle 14', '0.00'),
(1637, 1372, 'Talle 14', '0.00'),
(1638, 1373, 'Talle 14', '0.00'),
(1639, 1374, 'Talle 14', '0.00'),
(1640, 1375, 'Talle 14', '0.00'),
(1641, 1376, 'Talle 14', '0.00'),
(1642, 1377, 'Talle 14', '0.00'),
(1643, 1378, 'Talle 14', '0.00'),
(1644, 1379, 'Talle 14', '0.00'),
(1645, 1380, 'Talle 14', '0.00'),
(1646, 1381, 'Talle 14', '0.00'),
(1647, 1382, 'Talle 14', '0.00'),
(1648, 1383, 'Talle 14', '0.00'),
(1649, 1384, 'Talle 14', '0.00'),
(1650, 1385, 'Talle 14', '0.00'),
(1651, 1386, 'Talle 14', '0.00'),
(1652, 1387, 'Talle 14', '0.00'),
(1653, 1388, 'Talle 14', '0.00'),
(1654, 1389, 'Talle 14', '0.00'),
(1655, 1390, 'Talle 14', '0.00'),
(1656, 1391, 'Talle 14', '0.00'),
(1657, 1392, 'Talle 14', '0.00'),
(1658, 1393, 'Talle 14', '0.00'),
(1659, 1394, 'Talle 14', '0.00'),
(1660, 1395, 'Talle 14', '0.00'),
(1661, 1396, 'Talle 14', '0.00'),
(1662, 1397, 'Talle 14', '0.00'),
(1663, 1398, 'Talle 14', '0.00'),
(1664, 1399, 'Talle 14', '0.00'),
(1665, 1400, 'Talle 14', '0.00'),
(1666, 1401, 'Talle 14', '0.00'),
(1667, 1402, 'Talle 14', '0.00'),
(1668, 1403, 'Talle 14', '0.00'),
(1669, 1404, 'Talle 14', '0.00'),
(1670, 1405, 'Talle 14', '0.00'),
(1671, 1406, 'Talle 14', '0.00'),
(1672, 1407, 'Talle 14', '0.00'),
(1673, 1408, 'Talle 14', '0.00'),
(1674, 1409, 'Talle 14', '0.00'),
(1675, 1410, 'Talle 14', '0.00'),
(1676, 1411, 'Talle 14', '0.00'),
(1677, 1412, 'Talle 14', '0.00'),
(1678, 1413, 'Talle 14', '0.00'),
(1679, 1414, 'Talle 14', '0.00'),
(1680, 1415, 'Talle 14', '0.00'),
(1681, 1416, 'Talle 14', '0.00'),
(1682, 1417, 'Talle 14', '0.00'),
(1683, 1418, 'Talle 14', '0.00'),
(1684, 1419, 'Talle 14', '0.00'),
(1685, 1420, 'Talle 14', '0.00'),
(1686, 1421, 'Talle 14', '0.00'),
(1687, 1422, 'Talle 14', '0.00'),
(1688, 1423, 'Talle 14', '0.00'),
(1689, 1424, 'Talle 14', '0.00'),
(1690, 1425, 'Talle 14', '0.00'),
(1691, 1426, 'Talle 14', '0.00'),
(1692, 1427, 'Talle 14', '0.00'),
(1693, 1428, 'Talle 14', '0.00'),
(1694, 1429, 'Talle 14', '0.00'),
(1695, 1430, 'Talle 14', '0.00'),
(1696, 1431, 'Talle 14', '0.00'),
(1697, 1432, 'Talle 14', '0.00'),
(1698, 1433, 'Talle 14', '0.00'),
(1699, 1434, 'Talle 14', '0.00'),
(1700, 1435, 'Talle 14', '0.00'),
(1701, 1436, 'Talle 14', '0.00'),
(1702, 1437, 'Talle 14', '0.00'),
(1703, 1438, 'Talle 14', '0.00'),
(1704, 1439, 'Talle 14', '0.00'),
(1705, 1440, 'Talle 14', '0.00'),
(1706, 1441, 'Talle 14', '0.00'),
(1707, 1442, 'Talle 14', '0.00'),
(1708, 1443, 'Talle 14', '0.00'),
(1709, 1444, 'Talle 14', '0.00'),
(1710, 1445, 'Talle 14', '0.00'),
(1711, 1446, 'Talle 14', '0.00'),
(1712, 1447, 'Talle 14', '0.00'),
(1713, 1448, 'Talle 14', '0.00'),
(1714, 1449, 'Talle 14', '0.00'),
(1715, 1450, 'Talle 14', '0.00'),
(1716, 1451, 'Talle 14', '0.00'),
(1717, 1452, 'Talle 14', '0.00'),
(1718, 1453, 'Talle 14', '0.00'),
(1719, 1454, 'Talle 14', '0.00'),
(1720, 1455, 'Talle 14', '0.00'),
(1721, 1456, 'Talle 14', '0.00'),
(1722, 1457, 'Talle 14', '0.00'),
(1723, 1458, 'Talle 14', '0.00'),
(1724, 1459, 'Talle 14', '0.00'),
(1725, 1460, 'Talle 14', '0.00'),
(1726, 1461, 'Talle 14', '0.00'),
(1727, 1462, 'Talle 14', '0.00'),
(1728, 1463, 'Talle 14', '0.00'),
(1729, 1464, 'Talle 14', '0.00'),
(1730, 1465, 'Talle 14', '0.00'),
(1731, 1466, 'Talle 14', '0.00'),
(1732, 1467, 'Talle 14', '0.00'),
(1733, 1468, 'Talle 14', '0.00'),
(1734, 1469, 'Talle 14', '0.00'),
(1735, 1470, 'Talle 14', '0.00'),
(1736, 1471, 'Talle 14', '0.00'),
(1737, 1472, 'Talle 14', '0.00'),
(1738, 1473, 'Talle 14', '0.00'),
(1739, 1474, 'Talle 14', '0.00'),
(1740, 1475, 'Talle 14', '0.00'),
(1741, 1476, 'Talle 14', '0.00'),
(1742, 1477, 'Talle 14', '0.00'),
(1743, 1478, 'Talle 14', '0.00'),
(1744, 1479, 'Talle 14', '0.00'),
(1745, 1480, 'Talle 14', '0.00'),
(1746, 1481, 'Talle 14', '0.00'),
(1747, 1482, 'Talle 14', '0.00'),
(1748, 1483, 'Talle 14', '0.00'),
(1749, 1484, 'Talle 14', '0.00'),
(1750, 1485, 'Talle 14', '0.00'),
(1751, 1486, 'Talle 14', '0.00'),
(1752, 1487, 'Talle 14', '0.00'),
(1753, 1488, 'Talle 14', '0.00'),
(1754, 1489, 'Talle 14', '0.00'),
(1755, 1490, 'Talle 14', '0.00'),
(1756, 1491, 'Talle 14', '0.00'),
(1757, 1492, 'Talle 14', '0.00'),
(1758, 1493, 'Talle 14', '0.00'),
(1759, 1494, 'Talle 14', '0.00'),
(1760, 1495, 'Talle 14', '0.00'),
(1761, 1496, 'Talle 14', '0.00'),
(1762, 1497, 'Talle 14', '0.00'),
(1763, 1498, 'Talle 14', '0.00'),
(1764, 1499, 'Talle 14', '0.00'),
(1765, 1500, 'Talle 14', '0.00'),
(1766, 1501, 'Talle 14', '0.00'),
(1767, 1502, 'Talle 14', '0.00'),
(1768, 1503, 'Talle 14', '0.00'),
(1769, 1504, 'Talle 14', '0.00'),
(1770, 1505, 'Talle 14', '0.00'),
(1771, 1506, 'Talle 14', '0.00'),
(1819, 1299, 'Talle 16', '0.00'),
(1820, 1300, 'Talle 16', '0.00'),
(1821, 1301, 'Talle 16', '0.00'),
(1822, 1302, 'Talle 16', '0.00'),
(1823, 1303, 'Talle 16', '0.00'),
(1824, 1304, 'Talle 16', '0.00'),
(1825, 1305, 'Talle 16', '0.00'),
(1826, 1306, 'Talle 16', '0.00'),
(1827, 1307, 'Talle 16', '0.00'),
(1828, 1308, 'Talle 16', '0.00'),
(1829, 1309, 'Talle 16', '0.00'),
(1830, 1310, 'Talle 16', '0.00'),
(1831, 1311, 'Talle 16', '0.00'),
(1832, 1312, 'Talle 16', '0.00'),
(1833, 1313, 'Talle 16', '0.00'),
(1834, 1314, 'Talle 16', '0.00'),
(1835, 1315, 'Talle 16', '0.00'),
(1836, 1316, 'Talle 16', '0.00'),
(1837, 1317, 'Talle 16', '0.00'),
(1838, 1318, 'Talle 16', '0.00'),
(1839, 1319, 'Talle 16', '0.00'),
(1840, 1320, 'Talle 16', '0.00'),
(1841, 1321, 'Talle 16', '0.00'),
(1842, 1322, 'Talle 16', '0.00'),
(1843, 1323, 'Talle 16', '0.00'),
(1844, 1324, 'Talle 16', '0.00'),
(1845, 1325, 'Talle 16', '0.00'),
(1846, 1326, 'Talle 16', '0.00'),
(1847, 1327, 'Talle 16', '0.00'),
(1848, 1328, 'Talle 16', '0.00'),
(1849, 1329, 'Talle 16', '0.00'),
(1850, 1330, 'Talle 16', '0.00'),
(1851, 1331, 'Talle 16', '0.00'),
(1852, 1332, 'Talle 16', '0.00'),
(1853, 1333, 'Talle 16', '0.00'),
(1854, 1334, 'Talle 16', '0.00'),
(1855, 1335, 'Talle 16', '0.00'),
(1856, 1336, 'Talle 16', '0.00'),
(1857, 1337, 'Talle 16', '0.00'),
(1858, 1338, 'Talle 16', '0.00'),
(1859, 1339, 'Talle 16', '0.00'),
(1860, 1340, 'Talle 16', '0.00'),
(1861, 1341, 'Talle 16', '0.00'),
(1862, 1342, 'Talle 16', '0.00'),
(1863, 1343, 'Talle 16', '0.00'),
(1864, 1344, 'Talle 16', '0.00'),
(1865, 1345, 'Talle 16', '0.00'),
(1866, 1346, 'Talle 16', '0.00'),
(1867, 1347, 'Talle 16', '0.00'),
(1868, 1348, 'Talle 16', '0.00'),
(1869, 1349, 'Talle 16', '0.00'),
(1870, 1350, 'Talle 16', '0.00'),
(1871, 1351, 'Talle 16', '0.00'),
(1872, 1352, 'Talle 16', '0.00'),
(1873, 1353, 'Talle 16', '0.00'),
(1874, 1354, 'Talle 16', '0.00'),
(1875, 1355, 'Talle 16', '0.00'),
(1876, 1356, 'Talle 16', '0.00'),
(1877, 1357, 'Talle 16', '0.00'),
(1878, 1358, 'Talle 16', '0.00'),
(1879, 1359, 'Talle 16', '0.00'),
(1880, 1360, 'Talle 16', '0.00'),
(1881, 1361, 'Talle 16', '0.00'),
(1882, 1362, 'Talle 16', '0.00'),
(1883, 1363, 'Talle 16', '0.00'),
(1884, 1364, 'Talle 16', '0.00'),
(1885, 1365, 'Talle 16', '0.00'),
(1886, 1366, 'Talle 16', '0.00'),
(1887, 1367, 'Talle 16', '0.00'),
(1888, 1368, 'Talle 16', '0.00'),
(1889, 1369, 'Talle 16', '0.00'),
(1890, 1370, 'Talle 16', '0.00'),
(1891, 1371, 'Talle 16', '0.00'),
(1892, 1372, 'Talle 16', '0.00'),
(1893, 1373, 'Talle 16', '0.00'),
(1894, 1374, 'Talle 16', '0.00'),
(1895, 1375, 'Talle 16', '0.00'),
(1896, 1376, 'Talle 16', '0.00'),
(1897, 1377, 'Talle 16', '0.00'),
(1898, 1378, 'Talle 16', '0.00'),
(1899, 1379, 'Talle 16', '0.00'),
(1900, 1380, 'Talle 16', '0.00'),
(1901, 1381, 'Talle 16', '0.00'),
(1902, 1382, 'Talle 16', '0.00'),
(1903, 1383, 'Talle 16', '0.00'),
(1904, 1384, 'Talle 16', '0.00'),
(1905, 1385, 'Talle 16', '0.00'),
(1906, 1386, 'Talle 16', '0.00'),
(1907, 1387, 'Talle 16', '0.00'),
(1908, 1388, 'Talle 16', '0.00'),
(1909, 1389, 'Talle 16', '0.00'),
(1910, 1390, 'Talle 16', '0.00'),
(1911, 1391, 'Talle 16', '0.00'),
(1912, 1392, 'Talle 16', '0.00'),
(1913, 1393, 'Talle 16', '0.00'),
(1914, 1394, 'Talle 16', '0.00'),
(1915, 1395, 'Talle 16', '0.00'),
(1916, 1396, 'Talle 16', '0.00'),
(1917, 1397, 'Talle 16', '0.00'),
(1918, 1398, 'Talle 16', '0.00'),
(1919, 1399, 'Talle 16', '0.00'),
(1920, 1400, 'Talle 16', '0.00'),
(1921, 1401, 'Talle 16', '0.00'),
(1922, 1402, 'Talle 16', '0.00'),
(1923, 1403, 'Talle 16', '0.00'),
(1924, 1404, 'Talle 16', '0.00'),
(1925, 1405, 'Talle 16', '0.00'),
(1926, 1406, 'Talle 16', '0.00'),
(1927, 1407, 'Talle 16', '0.00'),
(1928, 1408, 'Talle 16', '0.00'),
(1929, 1409, 'Talle 16', '0.00'),
(1930, 1410, 'Talle 16', '0.00'),
(1931, 1411, 'Talle 16', '0.00'),
(1932, 1412, 'Talle 16', '0.00'),
(1933, 1413, 'Talle 16', '0.00'),
(1934, 1414, 'Talle 16', '0.00'),
(1935, 1415, 'Talle 16', '0.00'),
(1936, 1416, 'Talle 16', '0.00'),
(1937, 1417, 'Talle 16', '0.00'),
(1938, 1418, 'Talle 16', '0.00'),
(1939, 1419, 'Talle 16', '0.00'),
(1940, 1420, 'Talle 16', '0.00'),
(1941, 1421, 'Talle 16', '0.00'),
(1942, 1422, 'Talle 16', '0.00'),
(1943, 1423, 'Talle 16', '0.00'),
(1944, 1424, 'Talle 16', '0.00'),
(1945, 1425, 'Talle 16', '0.00'),
(1946, 1426, 'Talle 16', '0.00'),
(1947, 1427, 'Talle 16', '0.00'),
(1948, 1428, 'Talle 16', '0.00'),
(1949, 1429, 'Talle 16', '0.00'),
(1950, 1430, 'Talle 16', '0.00'),
(1951, 1431, 'Talle 16', '0.00'),
(1952, 1432, 'Talle 16', '0.00'),
(1953, 1433, 'Talle 16', '0.00'),
(1954, 1434, 'Talle 16', '0.00'),
(1955, 1435, 'Talle 16', '0.00'),
(1956, 1436, 'Talle 16', '0.00'),
(1957, 1437, 'Talle 16', '0.00'),
(1958, 1438, 'Talle 16', '0.00'),
(1959, 1439, 'Talle 16', '0.00'),
(1960, 1440, 'Talle 16', '0.00'),
(1961, 1441, 'Talle 16', '0.00'),
(1962, 1442, 'Talle 16', '0.00'),
(1963, 1443, 'Talle 16', '0.00');
INSERT INTO `talla` (`idTalla`, `idItem`, `nombre`, `adicional`) VALUES
(1964, 1444, 'Talle 16', '0.00'),
(1965, 1445, 'Talle 16', '0.00'),
(1966, 1446, 'Talle 16', '0.00'),
(1967, 1447, 'Talle 16', '0.00'),
(1968, 1448, 'Talle 16', '0.00'),
(1969, 1449, 'Talle 16', '0.00'),
(1970, 1450, 'Talle 16', '0.00'),
(1971, 1451, 'Talle 16', '0.00'),
(1972, 1452, 'Talle 16', '0.00'),
(1973, 1453, 'Talle 16', '0.00'),
(1974, 1454, 'Talle 16', '0.00'),
(1975, 1455, 'Talle 16', '0.00'),
(1976, 1456, 'Talle 16', '0.00'),
(1977, 1457, 'Talle 16', '0.00'),
(1978, 1458, 'Talle 16', '0.00'),
(1979, 1459, 'Talle 16', '0.00'),
(1980, 1460, 'Talle 16', '0.00'),
(1981, 1461, 'Talle 16', '0.00'),
(1982, 1462, 'Talle 16', '0.00'),
(1983, 1463, 'Talle 16', '0.00'),
(1984, 1464, 'Talle 16', '0.00'),
(1985, 1465, 'Talle 16', '0.00'),
(1986, 1466, 'Talle 16', '0.00'),
(1987, 1467, 'Talle 16', '0.00'),
(1988, 1468, 'Talle 16', '0.00'),
(1989, 1469, 'Talle 16', '0.00'),
(1990, 1470, 'Talle 16', '0.00'),
(1991, 1471, 'Talle 16', '0.00'),
(1992, 1472, 'Talle 16', '0.00'),
(1993, 1473, 'Talle 16', '0.00'),
(1994, 1474, 'Talle 16', '0.00'),
(1995, 1475, 'Talle 16', '0.00'),
(1996, 1476, 'Talle 16', '0.00'),
(1997, 1477, 'Talle 16', '0.00'),
(1998, 1478, 'Talle 16', '0.00'),
(1999, 1479, 'Talle 16', '0.00'),
(2000, 1480, 'Talle 16', '0.00'),
(2001, 1481, 'Talle 16', '0.00'),
(2002, 1482, 'Talle 16', '0.00'),
(2003, 1483, 'Talle 16', '0.00'),
(2004, 1484, 'Talle 16', '0.00'),
(2005, 1485, 'Talle 16', '0.00'),
(2006, 1486, 'Talle 16', '0.00'),
(2007, 1487, 'Talle 16', '0.00'),
(2008, 1488, 'Talle 16', '0.00'),
(2009, 1489, 'Talle 16', '0.00'),
(2010, 1490, 'Talle 16', '0.00'),
(2011, 1491, 'Talle 16', '0.00'),
(2012, 1492, 'Talle 16', '0.00'),
(2013, 1493, 'Talle 16', '0.00'),
(2014, 1494, 'Talle 16', '0.00'),
(2015, 1495, 'Talle 16', '0.00'),
(2016, 1496, 'Talle 16', '0.00'),
(2017, 1497, 'Talle 16', '0.00'),
(2018, 1498, 'Talle 16', '0.00'),
(2019, 1499, 'Talle 16', '0.00'),
(2020, 1500, 'Talle 16', '0.00'),
(2021, 1501, 'Talle 16', '0.00'),
(2022, 1502, 'Talle 16', '0.00'),
(2023, 1503, 'Talle 16', '0.00'),
(2024, 1504, 'Talle 16', '0.00'),
(2025, 1505, 'Talle 16', '0.00'),
(2026, 1506, 'Talle 16', '0.00'),
(2074, 1299, 'Talle XS', '0.00'),
(2075, 1300, 'Talle XS', '0.00'),
(2076, 1301, 'Talle XS', '0.00'),
(2077, 1302, 'Talle XS', '0.00'),
(2078, 1303, 'Talle XS', '0.00'),
(2079, 1304, 'Talle XS', '0.00'),
(2080, 1305, 'Talle XS', '0.00'),
(2081, 1306, 'Talle XS', '0.00'),
(2082, 1307, 'Talle XS', '0.00'),
(2083, 1308, 'Talle XS', '0.00'),
(2084, 1309, 'Talle XS', '0.00'),
(2085, 1310, 'Talle XS', '0.00'),
(2086, 1311, 'Talle XS', '0.00'),
(2087, 1312, 'Talle XS', '0.00'),
(2088, 1313, 'Talle XS', '0.00'),
(2089, 1314, 'Talle XS', '0.00'),
(2090, 1315, 'Talle XS', '0.00'),
(2091, 1316, 'Talle XS', '0.00'),
(2092, 1317, 'Talle XS', '0.00'),
(2093, 1318, 'Talle XS', '0.00'),
(2094, 1319, 'Talle XS', '0.00'),
(2095, 1320, 'Talle XS', '0.00'),
(2096, 1321, 'Talle XS', '0.00'),
(2097, 1322, 'Talle XS', '0.00'),
(2098, 1323, 'Talle XS', '0.00'),
(2099, 1324, 'Talle XS', '0.00'),
(2100, 1325, 'Talle XS', '0.00'),
(2101, 1326, 'Talle XS', '0.00'),
(2102, 1327, 'Talle XS', '0.00'),
(2103, 1328, 'Talle XS', '0.00'),
(2104, 1329, 'Talle XS', '0.00'),
(2105, 1330, 'Talle XS', '0.00'),
(2106, 1331, 'Talle XS', '0.00'),
(2107, 1332, 'Talle XS', '0.00'),
(2108, 1333, 'Talle XS', '0.00'),
(2109, 1334, 'Talle XS', '0.00'),
(2110, 1335, 'Talle XS', '0.00'),
(2111, 1336, 'Talle XS', '0.00'),
(2112, 1337, 'Talle XS', '0.00'),
(2113, 1338, 'Talle XS', '0.00'),
(2114, 1339, 'Talle XS', '0.00'),
(2115, 1340, 'Talle XS', '0.00'),
(2116, 1341, 'Talle XS', '0.00'),
(2117, 1342, 'Talle XS', '0.00'),
(2118, 1343, 'Talle XS', '0.00'),
(2119, 1344, 'Talle XS', '0.00'),
(2120, 1345, 'Talle XS', '0.00'),
(2121, 1346, 'Talle XS', '0.00'),
(2122, 1347, 'Talle XS', '0.00'),
(2123, 1348, 'Talle XS', '0.00'),
(2124, 1349, 'Talle XS', '0.00'),
(2125, 1350, 'Talle XS', '0.00'),
(2126, 1351, 'Talle XS', '0.00'),
(2127, 1352, 'Talle XS', '0.00'),
(2128, 1353, 'Talle XS', '0.00'),
(2129, 1354, 'Talle XS', '0.00'),
(2130, 1355, 'Talle XS', '0.00'),
(2131, 1356, 'Talle XS', '0.00'),
(2132, 1357, 'Talle XS', '0.00'),
(2133, 1358, 'Talle XS', '0.00'),
(2134, 1359, 'Talle XS', '0.00'),
(2135, 1360, 'Talle XS', '0.00'),
(2136, 1361, 'Talle XS', '0.00'),
(2137, 1362, 'Talle XS', '0.00'),
(2138, 1363, 'Talle XS', '0.00'),
(2139, 1364, 'Talle XS', '0.00'),
(2140, 1365, 'Talle XS', '0.00'),
(2141, 1366, 'Talle XS', '0.00'),
(2142, 1367, 'Talle XS', '0.00'),
(2143, 1368, 'Talle XS', '0.00'),
(2144, 1369, 'Talle XS', '0.00'),
(2145, 1370, 'Talle XS', '0.00'),
(2146, 1371, 'Talle XS', '0.00'),
(2147, 1372, 'Talle XS', '0.00'),
(2148, 1373, 'Talle XS', '0.00'),
(2149, 1374, 'Talle XS', '0.00'),
(2150, 1375, 'Talle XS', '0.00'),
(2151, 1376, 'Talle XS', '0.00'),
(2152, 1377, 'Talle XS', '0.00'),
(2153, 1378, 'Talle XS', '0.00'),
(2154, 1379, 'Talle XS', '0.00'),
(2155, 1380, 'Talle XS', '0.00'),
(2156, 1381, 'Talle XS', '0.00'),
(2157, 1382, 'Talle XS', '0.00'),
(2158, 1383, 'Talle XS', '0.00'),
(2159, 1384, 'Talle XS', '0.00'),
(2160, 1385, 'Talle XS', '0.00'),
(2161, 1386, 'Talle XS', '0.00'),
(2162, 1387, 'Talle XS', '0.00'),
(2163, 1388, 'Talle XS', '0.00'),
(2164, 1389, 'Talle XS', '0.00'),
(2165, 1390, 'Talle XS', '0.00'),
(2166, 1391, 'Talle XS', '0.00'),
(2167, 1392, 'Talle XS', '0.00'),
(2168, 1393, 'Talle XS', '0.00'),
(2169, 1394, 'Talle XS', '0.00'),
(2170, 1395, 'Talle XS', '0.00'),
(2171, 1396, 'Talle XS', '0.00'),
(2172, 1397, 'Talle XS', '0.00'),
(2173, 1398, 'Talle XS', '0.00'),
(2174, 1399, 'Talle XS', '0.00'),
(2175, 1400, 'Talle XS', '0.00'),
(2176, 1401, 'Talle XS', '0.00'),
(2177, 1402, 'Talle XS', '0.00'),
(2178, 1403, 'Talle XS', '0.00'),
(2179, 1404, 'Talle XS', '0.00'),
(2180, 1405, 'Talle XS', '0.00'),
(2181, 1406, 'Talle XS', '0.00'),
(2182, 1407, 'Talle XS', '0.00'),
(2183, 1408, 'Talle XS', '0.00'),
(2184, 1409, 'Talle XS', '0.00'),
(2185, 1410, 'Talle XS', '0.00'),
(2186, 1411, 'Talle XS', '0.00'),
(2187, 1412, 'Talle XS', '0.00'),
(2188, 1413, 'Talle XS', '0.00'),
(2189, 1414, 'Talle XS', '0.00'),
(2190, 1415, 'Talle XS', '0.00'),
(2191, 1416, 'Talle XS', '0.00'),
(2192, 1417, 'Talle XS', '0.00'),
(2193, 1418, 'Talle XS', '0.00'),
(2194, 1419, 'Talle XS', '0.00'),
(2195, 1420, 'Talle XS', '0.00'),
(2196, 1421, 'Talle XS', '0.00'),
(2197, 1422, 'Talle XS', '0.00'),
(2198, 1423, 'Talle XS', '0.00'),
(2199, 1424, 'Talle XS', '0.00'),
(2200, 1425, 'Talle XS', '0.00'),
(2201, 1426, 'Talle XS', '0.00'),
(2202, 1427, 'Talle XS', '0.00'),
(2203, 1428, 'Talle XS', '0.00'),
(2204, 1429, 'Talle XS', '0.00'),
(2205, 1430, 'Talle XS', '0.00'),
(2206, 1431, 'Talle XS', '0.00'),
(2207, 1432, 'Talle XS', '0.00'),
(2208, 1433, 'Talle XS', '0.00'),
(2209, 1434, 'Talle XS', '0.00'),
(2210, 1435, 'Talle XS', '0.00'),
(2211, 1436, 'Talle XS', '0.00'),
(2212, 1437, 'Talle XS', '0.00'),
(2213, 1438, 'Talle XS', '0.00'),
(2214, 1439, 'Talle XS', '0.00'),
(2215, 1440, 'Talle XS', '0.00'),
(2216, 1441, 'Talle XS', '0.00'),
(2217, 1442, 'Talle XS', '0.00'),
(2218, 1443, 'Talle XS', '0.00'),
(2219, 1444, 'Talle XS', '0.00'),
(2220, 1445, 'Talle XS', '0.00'),
(2221, 1446, 'Talle XS', '0.00'),
(2222, 1447, 'Talle XS', '0.00'),
(2223, 1448, 'Talle XS', '0.00'),
(2224, 1449, 'Talle XS', '0.00'),
(2225, 1450, 'Talle XS', '0.00'),
(2226, 1451, 'Talle XS', '0.00'),
(2227, 1452, 'Talle XS', '0.00'),
(2228, 1453, 'Talle XS', '0.00'),
(2229, 1454, 'Talle XS', '0.00'),
(2230, 1455, 'Talle XS', '0.00'),
(2231, 1456, 'Talle XS', '0.00'),
(2232, 1457, 'Talle XS', '0.00'),
(2233, 1458, 'Talle XS', '0.00'),
(2234, 1459, 'Talle XS', '0.00'),
(2235, 1460, 'Talle XS', '0.00'),
(2236, 1461, 'Talle XS', '0.00'),
(2237, 1462, 'Talle XS', '0.00'),
(2238, 1463, 'Talle XS', '0.00'),
(2239, 1464, 'Talle XS', '0.00'),
(2240, 1465, 'Talle XS', '0.00'),
(2241, 1466, 'Talle XS', '0.00'),
(2242, 1467, 'Talle XS', '0.00'),
(2243, 1468, 'Talle XS', '0.00'),
(2244, 1469, 'Talle XS', '0.00'),
(2245, 1470, 'Talle XS', '0.00'),
(2246, 1471, 'Talle XS', '0.00'),
(2247, 1472, 'Talle XS', '0.00'),
(2248, 1473, 'Talle XS', '0.00'),
(2249, 1474, 'Talle XS', '0.00'),
(2250, 1475, 'Talle XS', '0.00'),
(2251, 1476, 'Talle XS', '0.00'),
(2252, 1477, 'Talle XS', '0.00'),
(2253, 1478, 'Talle XS', '0.00'),
(2254, 1479, 'Talle XS', '0.00'),
(2255, 1480, 'Talle XS', '0.00'),
(2256, 1481, 'Talle XS', '0.00'),
(2257, 1482, 'Talle XS', '0.00'),
(2258, 1483, 'Talle XS', '0.00'),
(2259, 1484, 'Talle XS', '0.00'),
(2260, 1485, 'Talle XS', '0.00'),
(2261, 1486, 'Talle XS', '0.00'),
(2262, 1487, 'Talle XS', '0.00'),
(2263, 1488, 'Talle XS', '0.00'),
(2264, 1489, 'Talle XS', '0.00'),
(2265, 1490, 'Talle XS', '0.00'),
(2266, 1491, 'Talle XS', '0.00'),
(2267, 1492, 'Talle XS', '0.00'),
(2268, 1493, 'Talle XS', '0.00'),
(2269, 1494, 'Talle XS', '0.00'),
(2270, 1495, 'Talle XS', '0.00'),
(2271, 1496, 'Talle XS', '0.00'),
(2272, 1497, 'Talle XS', '0.00'),
(2273, 1498, 'Talle XS', '0.00'),
(2274, 1499, 'Talle XS', '0.00'),
(2275, 1500, 'Talle XS', '0.00'),
(2276, 1501, 'Talle XS', '0.00'),
(2277, 1502, 'Talle XS', '0.00'),
(2278, 1503, 'Talle XS', '0.00'),
(2279, 1504, 'Talle XS', '0.00'),
(2280, 1505, 'Talle XS', '0.00'),
(2281, 1506, 'Talle XS', '0.00'),
(2329, 1299, 'Talle S', '0.00'),
(2330, 1300, 'Talle S', '0.00'),
(2331, 1301, 'Talle S', '0.00'),
(2332, 1302, 'Talle S', '0.00'),
(2333, 1303, 'Talle S', '0.00'),
(2334, 1304, 'Talle S', '0.00'),
(2335, 1305, 'Talle S', '0.00'),
(2336, 1306, 'Talle S', '0.00'),
(2337, 1307, 'Talle S', '0.00'),
(2338, 1308, 'Talle S', '0.00'),
(2339, 1309, 'Talle S', '0.00'),
(2340, 1310, 'Talle S', '0.00'),
(2341, 1311, 'Talle S', '0.00'),
(2342, 1312, 'Talle S', '0.00'),
(2343, 1313, 'Talle S', '0.00'),
(2344, 1314, 'Talle S', '0.00'),
(2345, 1315, 'Talle S', '0.00'),
(2346, 1316, 'Talle S', '0.00'),
(2347, 1317, 'Talle S', '0.00'),
(2348, 1318, 'Talle S', '0.00'),
(2349, 1319, 'Talle S', '0.00'),
(2350, 1320, 'Talle S', '0.00'),
(2351, 1321, 'Talle S', '0.00'),
(2352, 1322, 'Talle S', '0.00'),
(2353, 1323, 'Talle S', '0.00'),
(2354, 1324, 'Talle S', '0.00'),
(2355, 1325, 'Talle S', '0.00'),
(2356, 1326, 'Talle S', '0.00'),
(2357, 1327, 'Talle S', '0.00'),
(2358, 1328, 'Talle S', '0.00'),
(2359, 1329, 'Talle S', '0.00'),
(2360, 1330, 'Talle S', '0.00'),
(2361, 1331, 'Talle S', '0.00'),
(2362, 1332, 'Talle S', '0.00'),
(2363, 1333, 'Talle S', '0.00'),
(2364, 1334, 'Talle S', '0.00'),
(2365, 1335, 'Talle S', '0.00'),
(2366, 1336, 'Talle S', '0.00'),
(2367, 1337, 'Talle S', '0.00'),
(2368, 1338, 'Talle S', '0.00'),
(2369, 1339, 'Talle S', '0.00'),
(2370, 1340, 'Talle S', '0.00'),
(2371, 1341, 'Talle S', '0.00'),
(2372, 1342, 'Talle S', '0.00'),
(2373, 1343, 'Talle S', '0.00'),
(2374, 1344, 'Talle S', '0.00'),
(2375, 1345, 'Talle S', '0.00'),
(2376, 1346, 'Talle S', '0.00'),
(2377, 1347, 'Talle S', '0.00'),
(2378, 1348, 'Talle S', '0.00'),
(2379, 1349, 'Talle S', '0.00'),
(2380, 1350, 'Talle S', '0.00'),
(2381, 1351, 'Talle S', '0.00'),
(2382, 1352, 'Talle S', '0.00'),
(2383, 1353, 'Talle S', '0.00'),
(2384, 1354, 'Talle S', '0.00'),
(2385, 1355, 'Talle S', '0.00'),
(2386, 1356, 'Talle S', '0.00'),
(2387, 1357, 'Talle S', '0.00'),
(2388, 1358, 'Talle S', '0.00'),
(2389, 1359, 'Talle S', '0.00'),
(2390, 1360, 'Talle S', '0.00'),
(2391, 1361, 'Talle S', '0.00'),
(2392, 1362, 'Talle S', '0.00'),
(2393, 1363, 'Talle S', '0.00'),
(2394, 1364, 'Talle S', '0.00'),
(2395, 1365, 'Talle S', '0.00'),
(2396, 1366, 'Talle S', '0.00'),
(2397, 1367, 'Talle S', '0.00'),
(2398, 1368, 'Talle S', '0.00'),
(2399, 1369, 'Talle S', '0.00'),
(2400, 1370, 'Talle S', '0.00'),
(2401, 1371, 'Talle S', '0.00'),
(2402, 1372, 'Talle S', '0.00'),
(2403, 1373, 'Talle S', '0.00'),
(2404, 1374, 'Talle S', '0.00'),
(2405, 1375, 'Talle S', '0.00'),
(2406, 1376, 'Talle S', '0.00'),
(2407, 1377, 'Talle S', '0.00'),
(2408, 1378, 'Talle S', '0.00'),
(2409, 1379, 'Talle S', '0.00'),
(2410, 1380, 'Talle S', '0.00'),
(2411, 1381, 'Talle S', '0.00'),
(2412, 1382, 'Talle S', '0.00'),
(2413, 1383, 'Talle S', '0.00'),
(2414, 1384, 'Talle S', '0.00'),
(2415, 1385, 'Talle S', '0.00'),
(2416, 1386, 'Talle S', '0.00'),
(2417, 1387, 'Talle S', '0.00'),
(2418, 1388, 'Talle S', '0.00'),
(2419, 1389, 'Talle S', '0.00'),
(2420, 1390, 'Talle S', '0.00'),
(2421, 1391, 'Talle S', '0.00'),
(2422, 1392, 'Talle S', '0.00'),
(2423, 1393, 'Talle S', '0.00'),
(2424, 1394, 'Talle S', '0.00'),
(2425, 1395, 'Talle S', '0.00'),
(2426, 1396, 'Talle S', '0.00'),
(2427, 1397, 'Talle S', '0.00'),
(2428, 1398, 'Talle S', '0.00'),
(2429, 1399, 'Talle S', '0.00'),
(2430, 1400, 'Talle S', '0.00'),
(2431, 1401, 'Talle S', '0.00'),
(2432, 1402, 'Talle S', '0.00'),
(2433, 1403, 'Talle S', '0.00'),
(2434, 1404, 'Talle S', '0.00'),
(2435, 1405, 'Talle S', '0.00'),
(2436, 1406, 'Talle S', '0.00'),
(2437, 1407, 'Talle S', '0.00'),
(2438, 1408, 'Talle S', '0.00'),
(2439, 1409, 'Talle S', '0.00'),
(2440, 1410, 'Talle S', '0.00'),
(2441, 1411, 'Talle S', '0.00'),
(2442, 1412, 'Talle S', '0.00'),
(2443, 1413, 'Talle S', '0.00'),
(2444, 1414, 'Talle S', '0.00'),
(2445, 1415, 'Talle S', '0.00'),
(2446, 1416, 'Talle S', '0.00'),
(2447, 1417, 'Talle S', '0.00'),
(2448, 1418, 'Talle S', '0.00'),
(2449, 1419, 'Talle S', '0.00'),
(2450, 1420, 'Talle S', '0.00'),
(2451, 1421, 'Talle S', '0.00'),
(2452, 1422, 'Talle S', '0.00'),
(2453, 1423, 'Talle S', '0.00'),
(2454, 1424, 'Talle S', '0.00'),
(2455, 1425, 'Talle S', '0.00'),
(2456, 1426, 'Talle S', '0.00'),
(2457, 1427, 'Talle S', '0.00'),
(2458, 1428, 'Talle S', '0.00'),
(2459, 1429, 'Talle S', '0.00'),
(2460, 1430, 'Talle S', '0.00'),
(2461, 1431, 'Talle S', '0.00'),
(2462, 1432, 'Talle S', '0.00'),
(2463, 1433, 'Talle S', '0.00'),
(2464, 1434, 'Talle S', '0.00'),
(2465, 1435, 'Talle S', '0.00'),
(2466, 1436, 'Talle S', '0.00'),
(2467, 1437, 'Talle S', '0.00'),
(2468, 1438, 'Talle S', '0.00'),
(2469, 1439, 'Talle S', '0.00'),
(2470, 1440, 'Talle S', '0.00'),
(2471, 1441, 'Talle S', '0.00'),
(2472, 1442, 'Talle S', '0.00'),
(2473, 1443, 'Talle S', '0.00'),
(2474, 1444, 'Talle S', '0.00'),
(2475, 1445, 'Talle S', '0.00'),
(2476, 1446, 'Talle S', '0.00'),
(2477, 1447, 'Talle S', '0.00'),
(2478, 1448, 'Talle S', '0.00'),
(2479, 1449, 'Talle S', '0.00'),
(2480, 1450, 'Talle S', '0.00'),
(2481, 1451, 'Talle S', '0.00'),
(2482, 1452, 'Talle S', '0.00'),
(2483, 1453, 'Talle S', '0.00'),
(2484, 1454, 'Talle S', '0.00'),
(2485, 1455, 'Talle S', '0.00'),
(2486, 1456, 'Talle S', '0.00'),
(2487, 1457, 'Talle S', '0.00'),
(2488, 1458, 'Talle S', '0.00'),
(2489, 1459, 'Talle S', '0.00'),
(2490, 1460, 'Talle S', '0.00'),
(2491, 1461, 'Talle S', '0.00'),
(2492, 1462, 'Talle S', '0.00'),
(2493, 1463, 'Talle S', '0.00'),
(2494, 1464, 'Talle S', '0.00'),
(2495, 1465, 'Talle S', '0.00'),
(2496, 1466, 'Talle S', '0.00'),
(2497, 1467, 'Talle S', '0.00'),
(2498, 1468, 'Talle S', '0.00'),
(2499, 1469, 'Talle S', '0.00'),
(2500, 1470, 'Talle S', '0.00'),
(2501, 1471, 'Talle S', '0.00'),
(2502, 1472, 'Talle S', '0.00'),
(2503, 1473, 'Talle S', '0.00'),
(2504, 1474, 'Talle S', '0.00'),
(2505, 1475, 'Talle S', '0.00'),
(2506, 1476, 'Talle S', '0.00'),
(2507, 1477, 'Talle S', '0.00'),
(2508, 1478, 'Talle S', '0.00'),
(2509, 1479, 'Talle S', '0.00'),
(2510, 1480, 'Talle S', '0.00'),
(2511, 1481, 'Talle S', '0.00'),
(2512, 1482, 'Talle S', '0.00'),
(2513, 1483, 'Talle S', '0.00'),
(2514, 1484, 'Talle S', '0.00'),
(2515, 1485, 'Talle S', '0.00'),
(2516, 1486, 'Talle S', '0.00'),
(2517, 1487, 'Talle S', '0.00'),
(2518, 1488, 'Talle S', '0.00'),
(2519, 1489, 'Talle S', '0.00'),
(2520, 1490, 'Talle S', '0.00'),
(2521, 1491, 'Talle S', '0.00'),
(2522, 1492, 'Talle S', '0.00'),
(2523, 1493, 'Talle S', '0.00'),
(2524, 1494, 'Talle S', '0.00'),
(2525, 1495, 'Talle S', '0.00'),
(2526, 1496, 'Talle S', '0.00'),
(2527, 1497, 'Talle S', '0.00'),
(2528, 1498, 'Talle S', '0.00'),
(2529, 1499, 'Talle S', '0.00'),
(2530, 1500, 'Talle S', '0.00'),
(2531, 1501, 'Talle S', '0.00'),
(2532, 1502, 'Talle S', '0.00'),
(2533, 1503, 'Talle S', '0.00'),
(2534, 1504, 'Talle S', '0.00'),
(2535, 1505, 'Talle S', '0.00'),
(2536, 1506, 'Talle S', '0.00'),
(2584, 1299, 'Talle M', '0.00'),
(2585, 1300, 'Talle M', '0.00'),
(2586, 1301, 'Talle M', '0.00'),
(2587, 1302, 'Talle M', '0.00'),
(2588, 1303, 'Talle M', '0.00'),
(2589, 1304, 'Talle M', '0.00'),
(2590, 1305, 'Talle M', '0.00'),
(2591, 1306, 'Talle M', '0.00'),
(2592, 1307, 'Talle M', '0.00'),
(2593, 1308, 'Talle M', '0.00'),
(2594, 1309, 'Talle M', '0.00'),
(2595, 1310, 'Talle M', '0.00'),
(2596, 1311, 'Talle M', '0.00'),
(2597, 1312, 'Talle M', '0.00'),
(2598, 1313, 'Talle M', '0.00'),
(2599, 1314, 'Talle M', '0.00'),
(2600, 1315, 'Talle M', '0.00'),
(2601, 1316, 'Talle M', '0.00'),
(2602, 1317, 'Talle M', '0.00'),
(2603, 1318, 'Talle M', '0.00'),
(2604, 1319, 'Talle M', '0.00'),
(2605, 1320, 'Talle M', '0.00'),
(2606, 1321, 'Talle M', '0.00'),
(2607, 1322, 'Talle M', '0.00'),
(2608, 1323, 'Talle M', '0.00'),
(2609, 1324, 'Talle M', '0.00'),
(2610, 1325, 'Talle M', '0.00'),
(2611, 1326, 'Talle M', '0.00'),
(2612, 1327, 'Talle M', '0.00'),
(2613, 1328, 'Talle M', '0.00'),
(2614, 1329, 'Talle M', '0.00'),
(2615, 1330, 'Talle M', '0.00'),
(2616, 1331, 'Talle M', '0.00'),
(2617, 1332, 'Talle M', '0.00'),
(2618, 1333, 'Talle M', '0.00'),
(2619, 1334, 'Talle M', '0.00'),
(2620, 1335, 'Talle M', '0.00'),
(2621, 1336, 'Talle M', '0.00'),
(2622, 1337, 'Talle M', '0.00'),
(2623, 1338, 'Talle M', '0.00'),
(2624, 1339, 'Talle M', '0.00'),
(2625, 1340, 'Talle M', '0.00'),
(2626, 1341, 'Talle M', '0.00'),
(2627, 1342, 'Talle M', '0.00'),
(2628, 1343, 'Talle M', '0.00'),
(2629, 1344, 'Talle M', '0.00'),
(2630, 1345, 'Talle M', '0.00'),
(2631, 1346, 'Talle M', '0.00'),
(2632, 1347, 'Talle M', '0.00'),
(2633, 1348, 'Talle M', '0.00'),
(2634, 1349, 'Talle M', '0.00'),
(2635, 1350, 'Talle M', '0.00'),
(2636, 1351, 'Talle M', '0.00'),
(2637, 1352, 'Talle M', '0.00'),
(2638, 1353, 'Talle M', '0.00'),
(2639, 1354, 'Talle M', '0.00'),
(2640, 1355, 'Talle M', '0.00'),
(2641, 1356, 'Talle M', '0.00'),
(2642, 1357, 'Talle M', '0.00'),
(2643, 1358, 'Talle M', '0.00'),
(2644, 1359, 'Talle M', '0.00'),
(2645, 1360, 'Talle M', '0.00'),
(2646, 1361, 'Talle M', '0.00'),
(2647, 1362, 'Talle M', '0.00'),
(2648, 1363, 'Talle M', '0.00'),
(2649, 1364, 'Talle M', '0.00'),
(2650, 1365, 'Talle M', '0.00'),
(2651, 1366, 'Talle M', '0.00'),
(2652, 1367, 'Talle M', '0.00'),
(2653, 1368, 'Talle M', '0.00'),
(2654, 1369, 'Talle M', '0.00'),
(2655, 1370, 'Talle M', '0.00'),
(2656, 1371, 'Talle M', '0.00'),
(2657, 1372, 'Talle M', '0.00'),
(2658, 1373, 'Talle M', '0.00'),
(2659, 1374, 'Talle M', '0.00'),
(2660, 1375, 'Talle M', '0.00'),
(2661, 1376, 'Talle M', '0.00'),
(2662, 1377, 'Talle M', '0.00'),
(2663, 1378, 'Talle M', '0.00'),
(2664, 1379, 'Talle M', '0.00'),
(2665, 1380, 'Talle M', '0.00'),
(2666, 1381, 'Talle M', '0.00'),
(2667, 1382, 'Talle M', '0.00'),
(2668, 1383, 'Talle M', '0.00'),
(2669, 1384, 'Talle M', '0.00'),
(2670, 1385, 'Talle M', '0.00'),
(2671, 1386, 'Talle M', '0.00'),
(2672, 1387, 'Talle M', '0.00'),
(2673, 1388, 'Talle M', '0.00'),
(2674, 1389, 'Talle M', '0.00'),
(2675, 1390, 'Talle M', '0.00'),
(2676, 1391, 'Talle M', '0.00'),
(2677, 1392, 'Talle M', '0.00'),
(2678, 1393, 'Talle M', '0.00'),
(2679, 1394, 'Talle M', '0.00'),
(2680, 1395, 'Talle M', '0.00'),
(2681, 1396, 'Talle M', '0.00'),
(2682, 1397, 'Talle M', '0.00'),
(2683, 1398, 'Talle M', '0.00'),
(2684, 1399, 'Talle M', '0.00'),
(2685, 1400, 'Talle M', '0.00'),
(2686, 1401, 'Talle M', '0.00'),
(2687, 1402, 'Talle M', '0.00'),
(2688, 1403, 'Talle M', '0.00'),
(2689, 1404, 'Talle M', '0.00'),
(2690, 1405, 'Talle M', '0.00'),
(2691, 1406, 'Talle M', '0.00'),
(2692, 1407, 'Talle M', '0.00'),
(2693, 1408, 'Talle M', '0.00'),
(2694, 1409, 'Talle M', '0.00'),
(2695, 1410, 'Talle M', '0.00'),
(2696, 1411, 'Talle M', '0.00'),
(2697, 1412, 'Talle M', '0.00'),
(2698, 1413, 'Talle M', '0.00'),
(2699, 1414, 'Talle M', '0.00'),
(2700, 1415, 'Talle M', '0.00'),
(2701, 1416, 'Talle M', '0.00'),
(2702, 1417, 'Talle M', '0.00'),
(2703, 1418, 'Talle M', '0.00'),
(2704, 1419, 'Talle M', '0.00'),
(2705, 1420, 'Talle M', '0.00'),
(2706, 1421, 'Talle M', '0.00'),
(2707, 1422, 'Talle M', '0.00'),
(2708, 1423, 'Talle M', '0.00'),
(2709, 1424, 'Talle M', '0.00'),
(2710, 1425, 'Talle M', '0.00'),
(2711, 1426, 'Talle M', '0.00'),
(2712, 1427, 'Talle M', '0.00'),
(2713, 1428, 'Talle M', '0.00'),
(2714, 1429, 'Talle M', '0.00'),
(2715, 1430, 'Talle M', '0.00'),
(2716, 1431, 'Talle M', '0.00'),
(2717, 1432, 'Talle M', '0.00'),
(2718, 1433, 'Talle M', '0.00'),
(2719, 1434, 'Talle M', '0.00'),
(2720, 1435, 'Talle M', '0.00'),
(2721, 1436, 'Talle M', '0.00'),
(2722, 1437, 'Talle M', '0.00'),
(2723, 1438, 'Talle M', '0.00'),
(2724, 1439, 'Talle M', '0.00'),
(2725, 1440, 'Talle M', '0.00'),
(2726, 1441, 'Talle M', '0.00'),
(2727, 1442, 'Talle M', '0.00'),
(2728, 1443, 'Talle M', '0.00'),
(2729, 1444, 'Talle M', '0.00'),
(2730, 1445, 'Talle M', '0.00'),
(2731, 1446, 'Talle M', '0.00'),
(2732, 1447, 'Talle M', '0.00'),
(2733, 1448, 'Talle M', '0.00'),
(2734, 1449, 'Talle M', '0.00'),
(2735, 1450, 'Talle M', '0.00'),
(2736, 1451, 'Talle M', '0.00'),
(2737, 1452, 'Talle M', '0.00'),
(2738, 1453, 'Talle M', '0.00'),
(2739, 1454, 'Talle M', '0.00'),
(2740, 1455, 'Talle M', '0.00'),
(2741, 1456, 'Talle M', '0.00'),
(2742, 1457, 'Talle M', '0.00'),
(2743, 1458, 'Talle M', '0.00'),
(2744, 1459, 'Talle M', '0.00'),
(2745, 1460, 'Talle M', '0.00'),
(2746, 1461, 'Talle M', '0.00'),
(2747, 1462, 'Talle M', '0.00'),
(2748, 1463, 'Talle M', '0.00'),
(2749, 1464, 'Talle M', '0.00'),
(2750, 1465, 'Talle M', '0.00'),
(2751, 1466, 'Talle M', '0.00'),
(2752, 1467, 'Talle M', '0.00'),
(2753, 1468, 'Talle M', '0.00'),
(2754, 1469, 'Talle M', '0.00'),
(2755, 1470, 'Talle M', '0.00'),
(2756, 1471, 'Talle M', '0.00'),
(2757, 1472, 'Talle M', '0.00'),
(2758, 1473, 'Talle M', '0.00'),
(2759, 1474, 'Talle M', '0.00'),
(2760, 1475, 'Talle M', '0.00'),
(2761, 1476, 'Talle M', '0.00'),
(2762, 1477, 'Talle M', '0.00'),
(2763, 1478, 'Talle M', '0.00'),
(2764, 1479, 'Talle M', '0.00'),
(2765, 1480, 'Talle M', '0.00'),
(2766, 1481, 'Talle M', '0.00'),
(2767, 1482, 'Talle M', '0.00'),
(2768, 1483, 'Talle M', '0.00'),
(2769, 1484, 'Talle M', '0.00'),
(2770, 1485, 'Talle M', '0.00'),
(2771, 1486, 'Talle M', '0.00'),
(2772, 1487, 'Talle M', '0.00'),
(2773, 1488, 'Talle M', '0.00'),
(2774, 1489, 'Talle M', '0.00'),
(2775, 1490, 'Talle M', '0.00'),
(2776, 1491, 'Talle M', '0.00'),
(2777, 1492, 'Talle M', '0.00'),
(2778, 1493, 'Talle M', '0.00'),
(2779, 1494, 'Talle M', '0.00'),
(2780, 1495, 'Talle M', '0.00'),
(2781, 1496, 'Talle M', '0.00'),
(2782, 1497, 'Talle M', '0.00'),
(2783, 1498, 'Talle M', '0.00'),
(2784, 1499, 'Talle M', '0.00'),
(2785, 1500, 'Talle M', '0.00'),
(2786, 1501, 'Talle M', '0.00'),
(2787, 1502, 'Talle M', '0.00'),
(2788, 1503, 'Talle M', '0.00'),
(2789, 1504, 'Talle M', '0.00'),
(2790, 1505, 'Talle M', '0.00'),
(2791, 1506, 'Talle M', '0.00'),
(2839, 1299, 'Talle L', '0.00'),
(2840, 1300, 'Talle L', '0.00'),
(2841, 1301, 'Talle L', '0.00'),
(2842, 1302, 'Talle L', '0.00'),
(2843, 1303, 'Talle L', '0.00'),
(2844, 1304, 'Talle L', '0.00'),
(2845, 1305, 'Talle L', '0.00'),
(2846, 1306, 'Talle L', '0.00'),
(2847, 1307, 'Talle L', '0.00'),
(2848, 1308, 'Talle L', '0.00'),
(2849, 1309, 'Talle L', '0.00'),
(2850, 1310, 'Talle L', '0.00'),
(2851, 1311, 'Talle L', '0.00'),
(2852, 1312, 'Talle L', '0.00'),
(2853, 1313, 'Talle L', '0.00'),
(2854, 1314, 'Talle L', '0.00'),
(2855, 1315, 'Talle L', '0.00'),
(2856, 1316, 'Talle L', '0.00'),
(2857, 1317, 'Talle L', '0.00'),
(2858, 1318, 'Talle L', '0.00'),
(2859, 1319, 'Talle L', '0.00'),
(2860, 1320, 'Talle L', '0.00'),
(2861, 1321, 'Talle L', '0.00'),
(2862, 1322, 'Talle L', '0.00'),
(2863, 1323, 'Talle L', '0.00'),
(2864, 1324, 'Talle L', '0.00'),
(2865, 1325, 'Talle L', '0.00'),
(2866, 1326, 'Talle L', '0.00'),
(2867, 1327, 'Talle L', '0.00'),
(2868, 1328, 'Talle L', '0.00'),
(2869, 1329, 'Talle L', '0.00'),
(2870, 1330, 'Talle L', '0.00'),
(2871, 1331, 'Talle L', '0.00'),
(2872, 1332, 'Talle L', '0.00'),
(2873, 1333, 'Talle L', '0.00'),
(2874, 1334, 'Talle L', '0.00'),
(2875, 1335, 'Talle L', '0.00'),
(2876, 1336, 'Talle L', '0.00'),
(2877, 1337, 'Talle L', '0.00'),
(2878, 1338, 'Talle L', '0.00'),
(2879, 1339, 'Talle L', '0.00'),
(2880, 1340, 'Talle L', '0.00'),
(2881, 1341, 'Talle L', '0.00'),
(2882, 1342, 'Talle L', '0.00'),
(2883, 1343, 'Talle L', '0.00'),
(2884, 1344, 'Talle L', '0.00'),
(2885, 1345, 'Talle L', '0.00'),
(2886, 1346, 'Talle L', '0.00'),
(2887, 1347, 'Talle L', '0.00'),
(2888, 1348, 'Talle L', '0.00'),
(2889, 1349, 'Talle L', '0.00'),
(2890, 1350, 'Talle L', '0.00'),
(2891, 1351, 'Talle L', '0.00'),
(2892, 1352, 'Talle L', '0.00'),
(2893, 1353, 'Talle L', '0.00'),
(2894, 1354, 'Talle L', '0.00'),
(2895, 1355, 'Talle L', '0.00'),
(2896, 1356, 'Talle L', '0.00'),
(2897, 1357, 'Talle L', '0.00'),
(2898, 1358, 'Talle L', '0.00'),
(2899, 1359, 'Talle L', '0.00'),
(2900, 1360, 'Talle L', '0.00'),
(2901, 1361, 'Talle L', '0.00'),
(2902, 1362, 'Talle L', '0.00'),
(2903, 1363, 'Talle L', '0.00'),
(2904, 1364, 'Talle L', '0.00'),
(2905, 1365, 'Talle L', '0.00'),
(2906, 1366, 'Talle L', '0.00'),
(2907, 1367, 'Talle L', '0.00'),
(2908, 1368, 'Talle L', '0.00'),
(2909, 1369, 'Talle L', '0.00'),
(2910, 1370, 'Talle L', '0.00'),
(2911, 1371, 'Talle L', '0.00'),
(2912, 1372, 'Talle L', '0.00'),
(2913, 1373, 'Talle L', '0.00'),
(2914, 1374, 'Talle L', '0.00'),
(2915, 1375, 'Talle L', '0.00'),
(2916, 1376, 'Talle L', '0.00'),
(2917, 1377, 'Talle L', '0.00'),
(2918, 1378, 'Talle L', '0.00'),
(2919, 1379, 'Talle L', '0.00'),
(2920, 1380, 'Talle L', '0.00'),
(2921, 1381, 'Talle L', '0.00'),
(2922, 1382, 'Talle L', '0.00'),
(2923, 1383, 'Talle L', '0.00'),
(2924, 1384, 'Talle L', '0.00'),
(2925, 1385, 'Talle L', '0.00'),
(2926, 1386, 'Talle L', '0.00'),
(2927, 1387, 'Talle L', '0.00'),
(2928, 1388, 'Talle L', '0.00'),
(2929, 1389, 'Talle L', '0.00'),
(2930, 1390, 'Talle L', '0.00'),
(2931, 1391, 'Talle L', '0.00'),
(2932, 1392, 'Talle L', '0.00'),
(2933, 1393, 'Talle L', '0.00'),
(2934, 1394, 'Talle L', '0.00'),
(2935, 1395, 'Talle L', '0.00'),
(2936, 1396, 'Talle L', '0.00'),
(2937, 1397, 'Talle L', '0.00'),
(2938, 1398, 'Talle L', '0.00'),
(2939, 1399, 'Talle L', '0.00'),
(2940, 1400, 'Talle L', '0.00'),
(2941, 1401, 'Talle L', '0.00'),
(2942, 1402, 'Talle L', '0.00'),
(2943, 1403, 'Talle L', '0.00'),
(2944, 1404, 'Talle L', '0.00'),
(2945, 1405, 'Talle L', '0.00'),
(2946, 1406, 'Talle L', '0.00'),
(2947, 1407, 'Talle L', '0.00'),
(2948, 1408, 'Talle L', '0.00'),
(2949, 1409, 'Talle L', '0.00'),
(2950, 1410, 'Talle L', '0.00'),
(2951, 1411, 'Talle L', '0.00'),
(2952, 1412, 'Talle L', '0.00'),
(2953, 1413, 'Talle L', '0.00'),
(2954, 1414, 'Talle L', '0.00'),
(2955, 1415, 'Talle L', '0.00'),
(2956, 1416, 'Talle L', '0.00'),
(2957, 1417, 'Talle L', '0.00'),
(2958, 1418, 'Talle L', '0.00'),
(2959, 1419, 'Talle L', '0.00'),
(2960, 1420, 'Talle L', '0.00'),
(2961, 1421, 'Talle L', '0.00'),
(2962, 1422, 'Talle L', '0.00'),
(2963, 1423, 'Talle L', '0.00'),
(2964, 1424, 'Talle L', '0.00'),
(2965, 1425, 'Talle L', '0.00'),
(2966, 1426, 'Talle L', '0.00'),
(2967, 1427, 'Talle L', '0.00'),
(2968, 1428, 'Talle L', '0.00'),
(2969, 1429, 'Talle L', '0.00'),
(2970, 1430, 'Talle L', '0.00'),
(2971, 1431, 'Talle L', '0.00'),
(2972, 1432, 'Talle L', '0.00'),
(2973, 1433, 'Talle L', '0.00'),
(2974, 1434, 'Talle L', '0.00'),
(2975, 1435, 'Talle L', '0.00'),
(2976, 1436, 'Talle L', '0.00'),
(2977, 1437, 'Talle L', '0.00'),
(2978, 1438, 'Talle L', '0.00'),
(2979, 1439, 'Talle L', '0.00'),
(2980, 1440, 'Talle L', '0.00'),
(2981, 1441, 'Talle L', '0.00'),
(2982, 1442, 'Talle L', '0.00'),
(2983, 1443, 'Talle L', '0.00'),
(2984, 1444, 'Talle L', '0.00'),
(2985, 1445, 'Talle L', '0.00'),
(2986, 1446, 'Talle L', '0.00'),
(2987, 1447, 'Talle L', '0.00'),
(2988, 1448, 'Talle L', '0.00'),
(2989, 1449, 'Talle L', '0.00'),
(2990, 1450, 'Talle L', '0.00'),
(2991, 1451, 'Talle L', '0.00'),
(2992, 1452, 'Talle L', '0.00'),
(2993, 1453, 'Talle L', '0.00'),
(2994, 1454, 'Talle L', '0.00'),
(2995, 1455, 'Talle L', '0.00'),
(2996, 1456, 'Talle L', '0.00'),
(2997, 1457, 'Talle L', '0.00'),
(2998, 1458, 'Talle L', '0.00'),
(2999, 1459, 'Talle L', '0.00'),
(3000, 1460, 'Talle L', '0.00'),
(3001, 1461, 'Talle L', '0.00'),
(3002, 1462, 'Talle L', '0.00'),
(3003, 1463, 'Talle L', '0.00'),
(3004, 1464, 'Talle L', '0.00'),
(3005, 1465, 'Talle L', '0.00'),
(3006, 1466, 'Talle L', '0.00'),
(3007, 1467, 'Talle L', '0.00'),
(3008, 1468, 'Talle L', '0.00'),
(3009, 1469, 'Talle L', '0.00'),
(3010, 1470, 'Talle L', '0.00'),
(3011, 1471, 'Talle L', '0.00'),
(3012, 1472, 'Talle L', '0.00'),
(3013, 1473, 'Talle L', '0.00'),
(3014, 1474, 'Talle L', '0.00'),
(3015, 1475, 'Talle L', '0.00'),
(3016, 1476, 'Talle L', '0.00'),
(3017, 1477, 'Talle L', '0.00'),
(3018, 1478, 'Talle L', '0.00'),
(3019, 1479, 'Talle L', '0.00'),
(3020, 1480, 'Talle L', '0.00'),
(3021, 1481, 'Talle L', '0.00'),
(3022, 1482, 'Talle L', '0.00'),
(3023, 1483, 'Talle L', '0.00'),
(3024, 1484, 'Talle L', '0.00'),
(3025, 1485, 'Talle L', '0.00'),
(3026, 1486, 'Talle L', '0.00'),
(3027, 1487, 'Talle L', '0.00'),
(3028, 1488, 'Talle L', '0.00'),
(3029, 1489, 'Talle L', '0.00'),
(3030, 1490, 'Talle L', '0.00'),
(3031, 1491, 'Talle L', '0.00'),
(3032, 1492, 'Talle L', '0.00'),
(3033, 1493, 'Talle L', '0.00'),
(3034, 1494, 'Talle L', '0.00'),
(3035, 1495, 'Talle L', '0.00'),
(3036, 1496, 'Talle L', '0.00'),
(3037, 1497, 'Talle L', '0.00'),
(3038, 1498, 'Talle L', '0.00'),
(3039, 1499, 'Talle L', '0.00'),
(3040, 1500, 'Talle L', '0.00'),
(3041, 1501, 'Talle L', '0.00'),
(3042, 1502, 'Talle L', '0.00'),
(3043, 1503, 'Talle L', '0.00'),
(3044, 1504, 'Talle L', '0.00'),
(3045, 1505, 'Talle L', '0.00'),
(3046, 1506, 'Talle L', '0.00'),
(3094, 1299, 'Talle XL', '0.00'),
(3095, 1300, 'Talle XL', '0.00'),
(3096, 1301, 'Talle XL', '0.00'),
(3097, 1302, 'Talle XL', '0.00'),
(3098, 1303, 'Talle XL', '0.00'),
(3099, 1304, 'Talle XL', '0.00'),
(3100, 1305, 'Talle XL', '0.00'),
(3101, 1306, 'Talle XL', '0.00'),
(3102, 1307, 'Talle XL', '0.00'),
(3103, 1308, 'Talle XL', '0.00'),
(3104, 1309, 'Talle XL', '0.00'),
(3105, 1310, 'Talle XL', '0.00'),
(3106, 1311, 'Talle XL', '0.00'),
(3107, 1312, 'Talle XL', '0.00'),
(3108, 1313, 'Talle XL', '0.00'),
(3109, 1314, 'Talle XL', '0.00'),
(3110, 1315, 'Talle XL', '0.00'),
(3111, 1316, 'Talle XL', '0.00'),
(3112, 1317, 'Talle XL', '0.00'),
(3113, 1318, 'Talle XL', '0.00'),
(3114, 1319, 'Talle XL', '0.00'),
(3115, 1320, 'Talle XL', '0.00'),
(3116, 1321, 'Talle XL', '0.00'),
(3117, 1322, 'Talle XL', '0.00'),
(3118, 1323, 'Talle XL', '0.00'),
(3119, 1324, 'Talle XL', '0.00'),
(3120, 1325, 'Talle XL', '0.00'),
(3121, 1326, 'Talle XL', '0.00'),
(3122, 1327, 'Talle XL', '0.00'),
(3123, 1328, 'Talle XL', '0.00'),
(3124, 1329, 'Talle XL', '0.00'),
(3125, 1330, 'Talle XL', '0.00'),
(3126, 1331, 'Talle XL', '0.00'),
(3127, 1332, 'Talle XL', '0.00'),
(3128, 1333, 'Talle XL', '0.00'),
(3129, 1334, 'Talle XL', '0.00'),
(3130, 1335, 'Talle XL', '0.00'),
(3131, 1336, 'Talle XL', '0.00'),
(3132, 1337, 'Talle XL', '0.00'),
(3133, 1338, 'Talle XL', '0.00'),
(3134, 1339, 'Talle XL', '0.00'),
(3135, 1340, 'Talle XL', '0.00'),
(3136, 1341, 'Talle XL', '0.00'),
(3137, 1342, 'Talle XL', '0.00'),
(3138, 1343, 'Talle XL', '0.00'),
(3139, 1344, 'Talle XL', '0.00'),
(3140, 1345, 'Talle XL', '0.00'),
(3141, 1346, 'Talle XL', '0.00'),
(3142, 1347, 'Talle XL', '0.00'),
(3143, 1348, 'Talle XL', '0.00'),
(3144, 1349, 'Talle XL', '0.00'),
(3145, 1350, 'Talle XL', '0.00'),
(3146, 1351, 'Talle XL', '0.00'),
(3147, 1352, 'Talle XL', '0.00'),
(3148, 1353, 'Talle XL', '0.00'),
(3149, 1354, 'Talle XL', '0.00'),
(3150, 1355, 'Talle XL', '0.00'),
(3151, 1356, 'Talle XL', '0.00'),
(3152, 1357, 'Talle XL', '0.00'),
(3153, 1358, 'Talle XL', '0.00'),
(3154, 1359, 'Talle XL', '0.00'),
(3155, 1360, 'Talle XL', '0.00'),
(3156, 1361, 'Talle XL', '0.00'),
(3157, 1362, 'Talle XL', '0.00'),
(3158, 1363, 'Talle XL', '0.00'),
(3159, 1364, 'Talle XL', '0.00'),
(3160, 1365, 'Talle XL', '0.00'),
(3161, 1366, 'Talle XL', '0.00'),
(3162, 1367, 'Talle XL', '0.00'),
(3163, 1368, 'Talle XL', '0.00'),
(3164, 1369, 'Talle XL', '0.00'),
(3165, 1370, 'Talle XL', '0.00'),
(3166, 1371, 'Talle XL', '0.00'),
(3167, 1372, 'Talle XL', '0.00'),
(3168, 1373, 'Talle XL', '0.00'),
(3169, 1374, 'Talle XL', '0.00'),
(3170, 1375, 'Talle XL', '0.00'),
(3171, 1376, 'Talle XL', '0.00'),
(3172, 1377, 'Talle XL', '0.00'),
(3173, 1378, 'Talle XL', '0.00'),
(3174, 1379, 'Talle XL', '0.00'),
(3175, 1380, 'Talle XL', '0.00'),
(3176, 1381, 'Talle XL', '0.00'),
(3177, 1382, 'Talle XL', '0.00'),
(3178, 1383, 'Talle XL', '0.00'),
(3179, 1384, 'Talle XL', '0.00'),
(3180, 1385, 'Talle XL', '0.00'),
(3181, 1386, 'Talle XL', '0.00'),
(3182, 1387, 'Talle XL', '0.00'),
(3183, 1388, 'Talle XL', '0.00'),
(3184, 1389, 'Talle XL', '0.00'),
(3185, 1390, 'Talle XL', '0.00'),
(3186, 1391, 'Talle XL', '0.00'),
(3187, 1392, 'Talle XL', '0.00'),
(3188, 1393, 'Talle XL', '0.00'),
(3189, 1394, 'Talle XL', '0.00'),
(3190, 1395, 'Talle XL', '0.00'),
(3191, 1396, 'Talle XL', '0.00'),
(3192, 1397, 'Talle XL', '0.00'),
(3193, 1398, 'Talle XL', '0.00'),
(3194, 1399, 'Talle XL', '0.00'),
(3195, 1400, 'Talle XL', '0.00'),
(3196, 1401, 'Talle XL', '0.00'),
(3197, 1402, 'Talle XL', '0.00'),
(3198, 1403, 'Talle XL', '0.00'),
(3199, 1404, 'Talle XL', '0.00'),
(3200, 1405, 'Talle XL', '0.00'),
(3201, 1406, 'Talle XL', '0.00'),
(3202, 1407, 'Talle XL', '0.00'),
(3203, 1408, 'Talle XL', '0.00'),
(3204, 1409, 'Talle XL', '0.00'),
(3205, 1410, 'Talle XL', '0.00'),
(3206, 1411, 'Talle XL', '0.00'),
(3207, 1412, 'Talle XL', '0.00'),
(3208, 1413, 'Talle XL', '0.00'),
(3209, 1414, 'Talle XL', '0.00'),
(3210, 1415, 'Talle XL', '0.00'),
(3211, 1416, 'Talle XL', '0.00'),
(3212, 1417, 'Talle XL', '0.00'),
(3213, 1418, 'Talle XL', '0.00'),
(3214, 1419, 'Talle XL', '0.00'),
(3215, 1420, 'Talle XL', '0.00'),
(3216, 1421, 'Talle XL', '0.00'),
(3217, 1422, 'Talle XL', '0.00'),
(3218, 1423, 'Talle XL', '0.00'),
(3219, 1424, 'Talle XL', '0.00'),
(3220, 1425, 'Talle XL', '0.00'),
(3221, 1426, 'Talle XL', '0.00'),
(3222, 1427, 'Talle XL', '0.00'),
(3223, 1428, 'Talle XL', '0.00'),
(3224, 1429, 'Talle XL', '0.00'),
(3225, 1430, 'Talle XL', '0.00'),
(3226, 1431, 'Talle XL', '0.00'),
(3227, 1432, 'Talle XL', '0.00'),
(3228, 1433, 'Talle XL', '0.00'),
(3229, 1434, 'Talle XL', '0.00'),
(3230, 1435, 'Talle XL', '0.00'),
(3231, 1436, 'Talle XL', '0.00'),
(3232, 1437, 'Talle XL', '0.00'),
(3233, 1438, 'Talle XL', '0.00'),
(3234, 1439, 'Talle XL', '0.00'),
(3235, 1440, 'Talle XL', '0.00'),
(3236, 1441, 'Talle XL', '0.00'),
(3237, 1442, 'Talle XL', '0.00'),
(3238, 1443, 'Talle XL', '0.00'),
(3239, 1444, 'Talle XL', '0.00'),
(3240, 1445, 'Talle XL', '0.00'),
(3241, 1446, 'Talle XL', '0.00'),
(3242, 1447, 'Talle XL', '0.00'),
(3243, 1448, 'Talle XL', '0.00'),
(3244, 1449, 'Talle XL', '0.00'),
(3245, 1450, 'Talle XL', '0.00'),
(3246, 1451, 'Talle XL', '0.00'),
(3247, 1452, 'Talle XL', '0.00'),
(3248, 1453, 'Talle XL', '0.00'),
(3249, 1454, 'Talle XL', '0.00'),
(3250, 1455, 'Talle XL', '0.00'),
(3251, 1456, 'Talle XL', '0.00'),
(3252, 1457, 'Talle XL', '0.00'),
(3253, 1458, 'Talle XL', '0.00'),
(3254, 1459, 'Talle XL', '0.00'),
(3255, 1460, 'Talle XL', '0.00'),
(3256, 1461, 'Talle XL', '0.00'),
(3257, 1462, 'Talle XL', '0.00'),
(3258, 1463, 'Talle XL', '0.00'),
(3259, 1464, 'Talle XL', '0.00'),
(3260, 1465, 'Talle XL', '0.00'),
(3261, 1466, 'Talle XL', '0.00'),
(3262, 1467, 'Talle XL', '0.00'),
(3263, 1468, 'Talle XL', '0.00'),
(3264, 1469, 'Talle XL', '0.00'),
(3265, 1470, 'Talle XL', '0.00'),
(3266, 1471, 'Talle XL', '0.00'),
(3267, 1472, 'Talle XL', '0.00'),
(3268, 1473, 'Talle XL', '0.00'),
(3269, 1474, 'Talle XL', '0.00'),
(3270, 1475, 'Talle XL', '0.00'),
(3271, 1476, 'Talle XL', '0.00'),
(3272, 1477, 'Talle XL', '0.00'),
(3273, 1478, 'Talle XL', '0.00'),
(3274, 1479, 'Talle XL', '0.00'),
(3275, 1480, 'Talle XL', '0.00'),
(3276, 1481, 'Talle XL', '0.00'),
(3277, 1482, 'Talle XL', '0.00'),
(3278, 1483, 'Talle XL', '0.00'),
(3279, 1484, 'Talle XL', '0.00'),
(3280, 1485, 'Talle XL', '0.00'),
(3281, 1486, 'Talle XL', '0.00'),
(3282, 1487, 'Talle XL', '0.00'),
(3283, 1488, 'Talle XL', '0.00'),
(3284, 1489, 'Talle XL', '0.00'),
(3285, 1490, 'Talle XL', '0.00'),
(3286, 1491, 'Talle XL', '0.00'),
(3287, 1492, 'Talle XL', '0.00'),
(3288, 1493, 'Talle XL', '0.00'),
(3289, 1494, 'Talle XL', '0.00'),
(3290, 1495, 'Talle XL', '0.00'),
(3291, 1496, 'Talle XL', '0.00'),
(3292, 1497, 'Talle XL', '0.00'),
(3293, 1498, 'Talle XL', '0.00'),
(3294, 1499, 'Talle XL', '0.00'),
(3295, 1500, 'Talle XL', '0.00'),
(3296, 1501, 'Talle XL', '0.00'),
(3297, 1502, 'Talle XL', '0.00'),
(3298, 1503, 'Talle XL', '0.00'),
(3299, 1504, 'Talle XL', '0.00'),
(3300, 1505, 'Talle XL', '0.00'),
(3301, 1506, 'Talle XL', '0.00'),
(3349, 1299, 'Talle XLL', '0.00'),
(3350, 1300, 'Talle XLL', '0.00'),
(3351, 1301, 'Talle XLL', '0.00'),
(3352, 1302, 'Talle XLL', '0.00'),
(3353, 1303, 'Talle XLL', '0.00'),
(3354, 1304, 'Talle XLL', '0.00'),
(3355, 1305, 'Talle XLL', '0.00'),
(3356, 1306, 'Talle XLL', '0.00'),
(3357, 1307, 'Talle XLL', '0.00'),
(3358, 1308, 'Talle XLL', '0.00'),
(3359, 1309, 'Talle XLL', '0.00'),
(3360, 1310, 'Talle XLL', '0.00'),
(3361, 1311, 'Talle XLL', '0.00'),
(3362, 1312, 'Talle XLL', '0.00'),
(3363, 1313, 'Talle XLL', '0.00'),
(3364, 1314, 'Talle XLL', '0.00'),
(3365, 1315, 'Talle XLL', '0.00'),
(3366, 1316, 'Talle XLL', '0.00'),
(3367, 1317, 'Talle XLL', '0.00'),
(3368, 1318, 'Talle XLL', '0.00'),
(3369, 1319, 'Talle XLL', '0.00'),
(3370, 1320, 'Talle XLL', '0.00'),
(3371, 1321, 'Talle XLL', '0.00'),
(3372, 1322, 'Talle XLL', '0.00'),
(3373, 1323, 'Talle XLL', '0.00'),
(3374, 1324, 'Talle XLL', '0.00'),
(3375, 1325, 'Talle XLL', '0.00'),
(3376, 1326, 'Talle XLL', '0.00'),
(3377, 1327, 'Talle XLL', '0.00'),
(3378, 1328, 'Talle XLL', '0.00'),
(3379, 1329, 'Talle XLL', '0.00'),
(3380, 1330, 'Talle XLL', '0.00'),
(3381, 1331, 'Talle XLL', '0.00'),
(3382, 1332, 'Talle XLL', '0.00'),
(3383, 1333, 'Talle XLL', '0.00'),
(3384, 1334, 'Talle XLL', '0.00'),
(3385, 1335, 'Talle XLL', '0.00'),
(3386, 1336, 'Talle XLL', '0.00'),
(3387, 1337, 'Talle XLL', '0.00'),
(3388, 1338, 'Talle XLL', '0.00'),
(3389, 1339, 'Talle XLL', '0.00'),
(3390, 1340, 'Talle XLL', '0.00'),
(3391, 1341, 'Talle XLL', '0.00'),
(3392, 1342, 'Talle XLL', '0.00'),
(3393, 1343, 'Talle XLL', '0.00'),
(3394, 1344, 'Talle XLL', '0.00'),
(3395, 1345, 'Talle XLL', '0.00'),
(3396, 1346, 'Talle XLL', '0.00'),
(3397, 1347, 'Talle XLL', '0.00'),
(3398, 1348, 'Talle XLL', '0.00'),
(3399, 1349, 'Talle XLL', '0.00'),
(3400, 1350, 'Talle XLL', '0.00'),
(3401, 1351, 'Talle XLL', '0.00'),
(3402, 1352, 'Talle XLL', '0.00'),
(3403, 1353, 'Talle XLL', '0.00'),
(3404, 1354, 'Talle XLL', '0.00'),
(3405, 1355, 'Talle XLL', '0.00'),
(3406, 1356, 'Talle XLL', '0.00'),
(3407, 1357, 'Talle XLL', '0.00'),
(3408, 1358, 'Talle XLL', '0.00'),
(3409, 1359, 'Talle XLL', '0.00'),
(3410, 1360, 'Talle XLL', '0.00'),
(3411, 1361, 'Talle XLL', '0.00'),
(3412, 1362, 'Talle XLL', '0.00'),
(3413, 1363, 'Talle XLL', '0.00'),
(3414, 1364, 'Talle XLL', '0.00'),
(3415, 1365, 'Talle XLL', '0.00'),
(3416, 1366, 'Talle XLL', '0.00'),
(3417, 1367, 'Talle XLL', '0.00'),
(3418, 1368, 'Talle XLL', '0.00'),
(3419, 1369, 'Talle XLL', '0.00'),
(3420, 1370, 'Talle XLL', '0.00'),
(3421, 1371, 'Talle XLL', '0.00'),
(3422, 1372, 'Talle XLL', '0.00'),
(3423, 1373, 'Talle XLL', '0.00'),
(3424, 1374, 'Talle XLL', '0.00'),
(3425, 1375, 'Talle XLL', '0.00'),
(3426, 1376, 'Talle XLL', '0.00'),
(3427, 1377, 'Talle XLL', '0.00'),
(3428, 1378, 'Talle XLL', '0.00'),
(3429, 1379, 'Talle XLL', '0.00'),
(3430, 1380, 'Talle XLL', '0.00'),
(3431, 1381, 'Talle XLL', '0.00'),
(3432, 1382, 'Talle XLL', '0.00'),
(3433, 1383, 'Talle XLL', '0.00'),
(3434, 1384, 'Talle XLL', '0.00'),
(3435, 1385, 'Talle XLL', '0.00'),
(3436, 1386, 'Talle XLL', '0.00'),
(3437, 1387, 'Talle XLL', '0.00'),
(3438, 1388, 'Talle XLL', '0.00'),
(3439, 1389, 'Talle XLL', '0.00'),
(3440, 1390, 'Talle XLL', '0.00'),
(3441, 1391, 'Talle XLL', '0.00'),
(3442, 1392, 'Talle XLL', '0.00'),
(3443, 1393, 'Talle XLL', '0.00'),
(3444, 1394, 'Talle XLL', '0.00'),
(3445, 1395, 'Talle XLL', '0.00'),
(3446, 1396, 'Talle XLL', '0.00'),
(3447, 1397, 'Talle XLL', '0.00'),
(3448, 1398, 'Talle XLL', '0.00'),
(3449, 1399, 'Talle XLL', '0.00'),
(3450, 1400, 'Talle XLL', '0.00'),
(3451, 1401, 'Talle XLL', '0.00'),
(3452, 1402, 'Talle XLL', '0.00'),
(3453, 1403, 'Talle XLL', '0.00'),
(3454, 1404, 'Talle XLL', '0.00'),
(3455, 1405, 'Talle XLL', '0.00'),
(3456, 1406, 'Talle XLL', '0.00'),
(3457, 1407, 'Talle XLL', '0.00'),
(3458, 1408, 'Talle XLL', '0.00'),
(3459, 1409, 'Talle XLL', '0.00'),
(3460, 1410, 'Talle XLL', '0.00'),
(3461, 1411, 'Talle XLL', '0.00'),
(3462, 1412, 'Talle XLL', '0.00'),
(3463, 1413, 'Talle XLL', '0.00'),
(3464, 1414, 'Talle XLL', '0.00'),
(3465, 1415, 'Talle XLL', '0.00'),
(3466, 1416, 'Talle XLL', '0.00'),
(3467, 1417, 'Talle XLL', '0.00'),
(3468, 1418, 'Talle XLL', '0.00'),
(3469, 1419, 'Talle XLL', '0.00'),
(3470, 1420, 'Talle XLL', '0.00'),
(3471, 1421, 'Talle XLL', '0.00'),
(3472, 1422, 'Talle XLL', '0.00'),
(3473, 1423, 'Talle XLL', '0.00'),
(3474, 1424, 'Talle XLL', '0.00'),
(3475, 1425, 'Talle XLL', '0.00'),
(3476, 1426, 'Talle XLL', '0.00'),
(3477, 1427, 'Talle XLL', '0.00'),
(3478, 1428, 'Talle XLL', '0.00'),
(3479, 1429, 'Talle XLL', '0.00'),
(3480, 1430, 'Talle XLL', '0.00'),
(3481, 1431, 'Talle XLL', '0.00'),
(3482, 1432, 'Talle XLL', '0.00'),
(3483, 1433, 'Talle XLL', '0.00'),
(3484, 1434, 'Talle XLL', '0.00'),
(3485, 1435, 'Talle XLL', '0.00'),
(3486, 1436, 'Talle XLL', '0.00'),
(3487, 1437, 'Talle XLL', '0.00'),
(3488, 1438, 'Talle XLL', '0.00'),
(3489, 1439, 'Talle XLL', '0.00'),
(3490, 1440, 'Talle XLL', '0.00'),
(3491, 1441, 'Talle XLL', '0.00'),
(3492, 1442, 'Talle XLL', '0.00'),
(3493, 1443, 'Talle XLL', '0.00'),
(3494, 1444, 'Talle XLL', '0.00'),
(3495, 1445, 'Talle XLL', '0.00'),
(3496, 1446, 'Talle XLL', '0.00'),
(3497, 1447, 'Talle XLL', '0.00'),
(3498, 1448, 'Talle XLL', '0.00'),
(3499, 1449, 'Talle XLL', '0.00'),
(3500, 1450, 'Talle XLL', '0.00'),
(3501, 1451, 'Talle XLL', '0.00'),
(3502, 1452, 'Talle XLL', '0.00'),
(3503, 1453, 'Talle XLL', '0.00'),
(3504, 1454, 'Talle XLL', '0.00'),
(3505, 1455, 'Talle XLL', '0.00'),
(3506, 1456, 'Talle XLL', '0.00'),
(3507, 1457, 'Talle XLL', '0.00'),
(3508, 1458, 'Talle XLL', '0.00'),
(3509, 1459, 'Talle XLL', '0.00'),
(3510, 1460, 'Talle XLL', '0.00'),
(3511, 1461, 'Talle XLL', '0.00'),
(3512, 1462, 'Talle XLL', '0.00'),
(3513, 1463, 'Talle XLL', '0.00'),
(3514, 1464, 'Talle XLL', '0.00'),
(3515, 1465, 'Talle XLL', '0.00'),
(3516, 1466, 'Talle XLL', '0.00'),
(3517, 1467, 'Talle XLL', '0.00'),
(3518, 1468, 'Talle XLL', '0.00'),
(3519, 1469, 'Talle XLL', '0.00'),
(3520, 1470, 'Talle XLL', '0.00'),
(3521, 1471, 'Talle XLL', '0.00'),
(3522, 1472, 'Talle XLL', '0.00'),
(3523, 1473, 'Talle XLL', '0.00'),
(3524, 1474, 'Talle XLL', '0.00'),
(3525, 1475, 'Talle XLL', '0.00'),
(3526, 1476, 'Talle XLL', '0.00'),
(3527, 1477, 'Talle XLL', '0.00'),
(3528, 1478, 'Talle XLL', '0.00'),
(3529, 1479, 'Talle XLL', '0.00'),
(3530, 1480, 'Talle XLL', '0.00'),
(3531, 1481, 'Talle XLL', '0.00'),
(3532, 1482, 'Talle XLL', '0.00'),
(3533, 1483, 'Talle XLL', '0.00'),
(3534, 1484, 'Talle XLL', '0.00'),
(3535, 1485, 'Talle XLL', '0.00'),
(3536, 1486, 'Talle XLL', '0.00'),
(3537, 1487, 'Talle XLL', '0.00'),
(3538, 1488, 'Talle XLL', '0.00'),
(3539, 1489, 'Talle XLL', '0.00'),
(3540, 1490, 'Talle XLL', '0.00'),
(3541, 1491, 'Talle XLL', '0.00'),
(3542, 1492, 'Talle XLL', '0.00'),
(3543, 1493, 'Talle XLL', '0.00'),
(3544, 1494, 'Talle XLL', '0.00'),
(3545, 1495, 'Talle XLL', '0.00'),
(3546, 1496, 'Talle XLL', '0.00'),
(3547, 1497, 'Talle XLL', '0.00'),
(3548, 1498, 'Talle XLL', '0.00'),
(3549, 1499, 'Talle XLL', '0.00'),
(3550, 1500, 'Talle XLL', '0.00'),
(3551, 1501, 'Talle XLL', '0.00'),
(3552, 1502, 'Talle XLL', '0.00'),
(3553, 1503, 'Talle XLL', '0.00'),
(3554, 1504, 'Talle XLL', '0.00'),
(3555, 1505, 'Talle XLL', '0.00'),
(3556, 1506, 'Talle XLL', '0.00');

-- --------------------------------------------------------

--
-- Estructura de tabla para la tabla `tamano`
--

CREATE TABLE IF NOT EXISTS `tamano` (
  `idTamano` tinyint(3) unsigned NOT NULL,
  `nombre` varchar(45) DEFAULT NULL
) ENGINE=InnoDB AUTO_INCREMENT=3 DEFAULT CHARSET=utf8;

--
-- Volcado de datos para la tabla `tamano`
--

INSERT INTO `tamano` (`idTamano`, `nombre`) VALUES
(1, 'Tamaño único');

-- --------------------------------------------------------

--
-- Estructura de tabla para la tabla `tipoItem`
--

CREATE TABLE IF NOT EXISTS `tipoItem` (
  `idTipo` tinyint(3) unsigned NOT NULL,
  `descripcion` varchar(45) DEFAULT NULL
) ENGINE=InnoDB AUTO_INCREMENT=8 DEFAULT CHARSET=utf8;

--
-- Volcado de datos para la tabla `tipoItem`
--

INSERT INTO `tipoItem` (`idTipo`, `descripcion`) VALUES
(1, 'Ropa'),
(2, 'Serigrafía'),
(3, 'Serigrafía digital'),
(4, 'Corte de vinilo'),
(5, 'Otros servicios'),
(6, 'Números y letras'),
(7, 'Otras técnicas de impresión');

-- --------------------------------------------------------

--
-- Estructura de tabla para la tabla `tipoUsuario`
--

CREATE TABLE IF NOT EXISTS `tipoUsuario` (
  `idTipoUsuario` tinyint(3) unsigned NOT NULL,
  `nombre` varchar(45) DEFAULT NULL
) ENGINE=InnoDB AUTO_INCREMENT=3 DEFAULT CHARSET=utf8;

--
-- Volcado de datos para la tabla `tipoUsuario`
--

INSERT INTO `tipoUsuario` (`idTipoUsuario`, `nombre`) VALUES
(1, 'Administrador'),
(2, 'Cotizador');

-- --------------------------------------------------------

--
-- Estructura de tabla para la tabla `usuario`
--

CREATE TABLE IF NOT EXISTS `usuario` (
  `idUsuario` bigint(20) unsigned NOT NULL,
  `idTipo` tinyint(3) unsigned DEFAULT NULL,
  `app` varchar(45) DEFAULT NULL,
  `apm` varchar(45) DEFAULT NULL,
  `nombre` varchar(45) DEFAULT NULL,
  `email` varchar(100) DEFAULT NULL,
  `pass` varchar(45) DEFAULT NULL
) ENGINE=InnoDB AUTO_INCREMENT=11 DEFAULT CHARSET=utf8;

--
-- Volcado de datos para la tabla `usuario`
--

INSERT INTO `usuario` (`idUsuario`, `idTipo`, `app`, `apm`, `nombre`, `email`, `pass`) VALUES
(6, 1, 'admin', 'admin', 'admin2', 'hugooluisss@gmail.com', 'k0rgk0rg'),
(8, 1, 'Rodriguez', 'Gonzalez', 'Diego', 'info@ideactiva.com.uy', '4dm1n+'),
(9, 2, 'Candido', 'Nalerio', 'Martin', 'harvegatmgcn@gmail.com', 'luciayemma'),
(10, 2, 'Salorio', 'Villanueva', 'Nicolas ', 'nsv-379@hotmail.com', 'saxofon');

-- --------------------------------------------------------

--
-- Estructura de tabla para la tabla `vinilo`
--

CREATE TABLE IF NOT EXISTS `vinilo` (
  `idItem` bigint(20) unsigned NOT NULL,
  `descripcion` text,
  `precio` decimal(10,2) DEFAULT '0.00'
) ENGINE=InnoDB DEFAULT CHARSET=utf8;

--
-- Volcado de datos para la tabla `vinilo`
--

INSERT INTO `vinilo` (`idItem`, `descripcion`, `precio`) VALUES
(31, 'Material cromos', '0.50'),
(1530, 'Material cromos', '0.50'),
(1531, 'Material cromos', '0.50'),
(1532, 'Material cromos', '0.50'),
(1533, 'Material cromos', '0.50'),
(1534, 'Material cromos', '0.50'),
(1535, 'Material cromos', '0.50'),
(1536, 'Material Todomax', '0.50'),
(1537, 'Material cromos', '0.52'),
(1538, 'Material cromos', '0.52'),
(1539, 'Material cromos', '0.50'),
(1540, 'Material cromos', '0.50');

--
-- Índices para tablas volcadas
--

--
-- Indices de la tabla `cliente`
--
ALTER TABLE `cliente`
  ADD PRIMARY KEY (`idCliente`);

--
-- Indices de la tabla `cotizacion`
--
ALTER TABLE `cotizacion`
  ADD PRIMARY KEY (`idCotizacion`), ADD KEY `fk_cliente` (`idCliente`);

--
-- Indices de la tabla `estampado`
--
ALTER TABLE `estampado`
  ADD PRIMARY KEY (`idItem`);

--
-- Indices de la tabla `item`
--
ALTER TABLE `item`
  ADD PRIMARY KEY (`idItem`), ADD KEY `tipoItem` (`idTipo`);

--
-- Indices de la tabla `limite`
--
ALTER TABLE `limite`
  ADD PRIMARY KEY (`idLimite`);

--
-- Indices de la tabla `movimiento`
--
ALTER TABLE `movimiento`
  ADD PRIMARY KEY (`idCotizacion`,`mov`);

--
-- Indices de la tabla `otrastecnicas`
--
ALTER TABLE `otrastecnicas`
  ADD PRIMARY KEY (`idItem`);

--
-- Indices de la tabla `otros`
--
ALTER TABLE `otros`
  ADD PRIMARY KEY (`idItem`);

--
-- Indices de la tabla `precioserigrafia`
--
ALTER TABLE `precioserigrafia`
  ADD PRIMARY KEY (`idItem`,`idTamano`,`idLimite`,`colores`), ADD KEY `tamanio` (`idTamano`), ADD KEY `colors` (`colores`), ADD KEY `limite` (`idLimite`);

--
-- Indices de la tabla `ropa`
--
ALTER TABLE `ropa`
  ADD PRIMARY KEY (`idItem`);

--
-- Indices de la tabla `serigrafia`
--
ALTER TABLE `serigrafia`
  ADD PRIMARY KEY (`idItem`);

--
-- Indices de la tabla `serigrafiadigital`
--
ALTER TABLE `serigrafiadigital`
  ADD PRIMARY KEY (`idItem`);

--
-- Indices de la tabla `talla`
--
ALTER TABLE `talla`
  ADD PRIMARY KEY (`idTalla`), ADD KEY `item` (`idItem`);

--
-- Indices de la tabla `tamano`
--
ALTER TABLE `tamano`
  ADD PRIMARY KEY (`idTamano`);

--
-- Indices de la tabla `tipoItem`
--
ALTER TABLE `tipoItem`
  ADD PRIMARY KEY (`idTipo`);

--
-- Indices de la tabla `tipoUsuario`
--
ALTER TABLE `tipoUsuario`
  ADD PRIMARY KEY (`idTipoUsuario`);

--
-- Indices de la tabla `usuario`
--
ALTER TABLE `usuario`
  ADD PRIMARY KEY (`idUsuario`), ADD KEY `usuarioTipo` (`idTipo`);

--
-- Indices de la tabla `vinilo`
--
ALTER TABLE `vinilo`
  ADD PRIMARY KEY (`idItem`);

--
-- AUTO_INCREMENT de las tablas volcadas
--

--
-- AUTO_INCREMENT de la tabla `cliente`
--
ALTER TABLE `cliente`
  MODIFY `idCliente` int(10) unsigned NOT NULL AUTO_INCREMENT,AUTO_INCREMENT=16;
--
-- AUTO_INCREMENT de la tabla `cotizacion`
--
ALTER TABLE `cotizacion`
  MODIFY `idCotizacion` bigint(20) unsigned NOT NULL AUTO_INCREMENT,AUTO_INCREMENT=25;
--
-- AUTO_INCREMENT de la tabla `item`
--
ALTER TABLE `item`
  MODIFY `idItem` bigint(20) unsigned NOT NULL AUTO_INCREMENT,AUTO_INCREMENT=1554;
--
-- AUTO_INCREMENT de la tabla `limite`
--
ALTER TABLE `limite`
  MODIFY `idLimite` int(10) unsigned NOT NULL AUTO_INCREMENT,AUTO_INCREMENT=42;
--
-- AUTO_INCREMENT de la tabla `talla`
--
ALTER TABLE `talla`
  MODIFY `idTalla` bigint(20) unsigned NOT NULL AUTO_INCREMENT,AUTO_INCREMENT=3603;
--
-- AUTO_INCREMENT de la tabla `tamano`
--
ALTER TABLE `tamano`
  MODIFY `idTamano` tinyint(3) unsigned NOT NULL AUTO_INCREMENT,AUTO_INCREMENT=3;
--
-- AUTO_INCREMENT de la tabla `tipoItem`
--
ALTER TABLE `tipoItem`
  MODIFY `idTipo` tinyint(3) unsigned NOT NULL AUTO_INCREMENT,AUTO_INCREMENT=8;
--
-- AUTO_INCREMENT de la tabla `tipoUsuario`
--
ALTER TABLE `tipoUsuario`
  MODIFY `idTipoUsuario` tinyint(3) unsigned NOT NULL AUTO_INCREMENT,AUTO_INCREMENT=3;
--
-- AUTO_INCREMENT de la tabla `usuario`
--
ALTER TABLE `usuario`
  MODIFY `idUsuario` bigint(20) unsigned NOT NULL AUTO_INCREMENT,AUTO_INCREMENT=11;
--
-- Restricciones para tablas volcadas
--

--
-- Filtros para la tabla `cotizacion`
--
ALTER TABLE `cotizacion`
ADD CONSTRAINT `fk_cliente` FOREIGN KEY (`idCliente`) REFERENCES `cliente` (`idCliente`) ON DELETE NO ACTION ON UPDATE CASCADE;

--
-- Filtros para la tabla `estampado`
--
ALTER TABLE `estampado`
ADD CONSTRAINT `fk-item_estampado` FOREIGN KEY (`idItem`) REFERENCES `item` (`idItem`) ON DELETE CASCADE ON UPDATE CASCADE;

--
-- Filtros para la tabla `item`
--
ALTER TABLE `item`
ADD CONSTRAINT `idTipo-tipoItem` FOREIGN KEY (`idTipo`) REFERENCES `tipoItem` (`idTipo`) ON DELETE NO ACTION ON UPDATE CASCADE;

--
-- Filtros para la tabla `otrastecnicas`
--
ALTER TABLE `otrastecnicas`
ADD CONSTRAINT `item_tecnica` FOREIGN KEY (`idItem`) REFERENCES `item` (`idItem`) ON DELETE CASCADE ON UPDATE CASCADE;

--
-- Filtros para la tabla `ropa`
--
ALTER TABLE `ropa`
ADD CONSTRAINT `ropa_ibfk_1` FOREIGN KEY (`idItem`) REFERENCES `item` (`idItem`) ON DELETE CASCADE ON UPDATE CASCADE;

--
-- Filtros para la tabla `talla`
--
ALTER TABLE `talla`
ADD CONSTRAINT `talla_ibfk_1` FOREIGN KEY (`idItem`) REFERENCES `ropa` (`idItem`) ON DELETE CASCADE ON UPDATE CASCADE;

/*!40101 SET CHARACTER_SET_CLIENT=@OLD_CHARACTER_SET_CLIENT */;
/*!40101 SET CHARACTER_SET_RESULTS=@OLD_CHARACTER_SET_RESULTS */;
/*!40101 SET COLLATION_CONNECTION=@OLD_COLLATION_CONNECTION */;
